symbol,entry_date,exit_date,holding_days,exit_reason,entry_rank,exit_rank,entry_cmvs,exit_cmvs,entry_rsi,exit_rsi,entry_atr,exit_atr,entry_price,exit_price,peak_return,final_return,forward_return_5d,forward_return_10d,forward_return_20d,post_exit_max_return,post_exit_max_drawdown,days_to_peak,days_to_trough,missed_upside,saved_drawdown
AMZN,2019-02-04,2019-02-05,1,ema9_break,7,7,0.28244169230459115,0.28244169230459115,50.32228313687464,52.819784633331494,2.8687144709728147,2.7773777230461856,81.15,82.17,0.006407886629697934,0.012569316081330717,-0.003285870755750264,-0.012900085189241794,0.015577461360593903,0.032128514056224855,-0.03358890105878065,18,3,0.032128514056224855,0.03358890105878065
COST,2019-02-04,2019-02-05,1,ema9_break,8,8,0.25463822649609463,0.25463822649609463,50.48212286365297,51.25996855239767,4.233739840922558,4.137044137999521,210.7,211.49,0.0022781205505459923,0.003749406739440131,0.0019386259397606853,0.02657336044257419,0.036597475057922324,0.03938720506879756,-0.01768405125537853,19,3,0.03938720506879756,0.01768405125537853
GOOGL,2019-02-04,2019-02-08,4,ema9_break,4,4,0.30482082579507375,0.30482082579507375,63.0982388867215,51.91291936756224,1.3416696008881597,1.329590937915627,55.95,54.74,0.0293118856121537,-0.021626452189454914,0.022652539276580175,0.020643039824625342,0.07709170624771655,0.07709170624771655,0.006759225429302074,20,1,0.07709170624771655,-0.006759225429302074
MSFT,2019-02-04,2019-02-08,4,ema9_break,11,11,0.1597397726648268,0.1597397726648268,52.45219766722702,51.756189646535475,2.7283608441309397,2.444009372897328,102.87,104.39,0.042286380869057894,0.01477593078642947,0.03668933805920105,0.0689721237666443,0.08085065619312193,0.08085065619312193,0.008238337005460394,20,1,0.08085065619312193,-0.008238337005460394
TSLA,2019-02-04,2019-02-08,4,ema9_break,9,9,0.22220372546664463,0.22220372546664463,47.65493921559129,44.4249579624584,0.992425002490872,0.9183124348225168,20.87,20.46,0.026353617632965953,-0.01964542405366554,0.003421309872922773,-0.02639296187683282,-0.05229716520039107,0.04252199413489732,-0.0997067448680351,13,17,0.04252199413489732,0.0997067448680351
NVDA,2019-02-04,2019-02-12,8,ema9_break,10,10,0.2168252982603086,0.2168252982603086,51.864817148031086,53.173109521093096,0.20991220528747112,0.18083317241479602,3.63,3.7,0.05509641873278248,0.019283746556473913,0.07027027027027022,0.05135135135135127,0.14054054054054044,0.14054054054054044,0.008108108108108025,20,16,0.14054054054054044,-0.008108108108108025
META,2019-02-04,2019-02-14,10,ema9_break,1,1,0.5301659864110307,0.5301659864110307,72.57906681454972,61.34280027234937,5.800183278969217,4.691569048778544,165.7,163.19,0.03295111647555826,-0.01514785757392878,-0.007966174397941117,-0.0055763220785587375,0.017096635823273365,0.06238127336233834,-0.01930265334885717,18,4,0.06238127336233834,0.01930265334885717
PEP,2019-02-04,2019-02-15,11,ema9_break,5,5,0.29779185667157576,0.29779185667157576,59.3837003897041,65.58463361035396,1.9687715378304955,1.8695645063650304,112.21,115.85,0.017021655823901805,0.032439176543979986,0.0018126888217522286,0.0027621924902891948,0.01225722917565819,0.01225722917565819,-0.005351747949935204,20,14,0.01225722917565819,0.005351747949935204
NFLX,2019-02-04,2019-03-01,25,ema9_break,3,3,0.32681368468210187,0.32681368468210187,64.96154524535501,56.91029327809916,1.3247921527033293,1.0286422563865767,34.26,36.23,0.06538237011091663,0.05750145942790419,-0.03505382279878544,-0.002208114821970697,-0.01573281810654159,0.043058239028429535,-0.03505382279878544,14,5,0.043058239028429535,0.03505382279878544
ADBE,2019-02-04,2019-03-05,29,ema9_break,6,3,0.28604817936213556,0.37712082462610347,64.01173166494806,54.27942657668493,6.969417304801393,5.594142185984151,248.56,259.0,0.07298036691342125,0.04200193112327,0.017413127413127283,0.005482625482625458,0.04768339768339769,0.05084942084942101,-0.016447876447876375,19,3,0.05084942084942101,0.016447876447876375
NFLX,2019-03-04,2019-03-05,1,ema9_break,10,10,0.18803374767474793,0.18803374767474793,51.685555207160895,54.06447842580104,1.0573106666446783,1.0382170475986299,35.97,35.15,0.0,-0.02279677509035305,0.01365576102418209,0.02076813655761045,0.046088193456614635,0.07510668563300138,-0.00540540540540535,12,3,0.07510668563300138,0.00540540540540535
NVDA,2019-03-04,2019-03-07,3,ema9_break,9,9,0.29799879100116256,0.29799879100116256,55.36881941883992,44.47973232108914,0.14270099400709388,0.13556635708221038,3.95,3.78,0.0,-0.04303797468354442,0.09523809523809512,0.21693121693121697,0.24603174603174605,0.2486772486772486,-0.002645502645502562,19,1,0.2486772486772486,0.002645502645502562
AAPL,2019-02-04,2019-03-08,32,ema9_break,2,8,0.34258279166277184,0.32283310650521646,64.26543759148112,55.78888740059637,1.2183269373019725,0.7130331840545506,41.85,42.58,0.050418160095579534,0.017443249701314167,0.09276655706904657,0.12165335838421787,0.15664631282292163,0.15664631282292163,0.050493189290746754,20,1,0.15664631282292163,-0.050493189290746754
AMZN,2019-03-04,2019-03-08,4,ema9_break,6,6,0.33156275785739003,0.33156275785739003,61.72791848829507,46.226345640288585,1.794759462971906,1.7831305971975373,84.25,80.2,0.006646884272996978,-0.0480712166172107,0.06758104738154613,0.10024937655860344,0.14538653366583532,0.14538653366583532,0.04152119700748136,20,1,0.14538653366583532,-0.04152119700748136
MSFT,2019-03-04,2019-03-08,4,ema9_break,1,1,0.4664860192770781,0.4664860192770781,64.73645370307509,56.045839186735115,1.9160257553175561,1.8277173989385846,113.02,109.16,0.0,-0.03415324721288271,0.06183583730304143,0.0722792231586662,0.0982960791498717,0.10131916452913159,0.033620373763283196,9,1,0.10131916452913159,-0.033620373763283196
COST,2019-03-04,2019-03-08,4,ema9_break,2,2,0.4232291062839843,0.4232291062839843,60.539847878222744,71.31651243702487,3.5191640980158145,4.08700348301306,220.43,225.48,0.0,0.022909767273057158,0.03601206315416006,0.053574596416533726,0.09042930636863589,0.09042930636863589,0.018671279049139677,20,1,0.09042930636863589,-0.018671279049139677
PEP,2019-03-04,2019-03-11,7,ema9_break,7,7,0.33070447023828087,0.33070447023828087,62.58891571714817,60.69919726174601,1.64658652837228,1.6264430592144052,116.55,115.3,0.0009438009438009765,-0.010725010725010753,0.017085862966175203,0.048135299219427496,0.05810928013876837,0.06287944492627928,0.0017346053772766545,14,3,0.06287944492627928,-0.0017346053772766545
GOOGL,2019-03-04,2019-03-26,22,ema9_break,5,5,0.33442957262035333,0.33442957262035333,63.75410819437559,56.19763859716316,1.0897235147260362,1.0648124389359057,57.73,60.26,0.07067382643339704,0.043824701195219085,0.00033189512114173425,-0.0021573182874210506,0.045469631596415594,0.05426485230667111,-0.027381347494191854,19,2,0.05426485230667111,0.027381347494191854
TSLA,2019-04-02,2019-04-05,3,"atr_trail(stop=17.96),ema9_break",9,9,0.29004581237393834,0.29004581237393834,51.57381274333908,45.99930858644437,0.6385024125450386,0.7389175657293914,19.22,17.99,0.01196670135275757,-0.06399583766909467,-0.007782101167315036,-0.026125625347415138,-0.053918843802112204,0.022790439132851503,-0.1328515842134519,3,17,0.022790439132851503,0.1328515842134519
NFLX,2019-04-02,2019-04-09,7,ema9_break,8,8,0.31683484539411183,0.31683484539411183,56.27458669949702,53.10106281174775,0.9759768134183219,0.8936925443723769,36.63,36.05,0.00955500955500943,-0.015834015834016002,-0.002773925104022079,0.038002773925104094,0.010818307905686497,0.06796116504854388,-0.03217753120665734,17,4,0.06796116504854388,0.03217753120665734
GOOGL,2019-04-02,2019-04-10,8,ema9_break,10,10,0.2705465407372419,0.2705465407372419,60.10257888620248,57.66520030512727,1.0346127634501787,0.853687693124277,60.0,60.25,0.016166666666666663,0.004166666666666652,0.029211618257261485,0.05178423236514518,-0.03070539419087137,0.0756846473029047,-0.03186721991701247,12,15,0.0756846473029047,0.03186721991701247
PEP,2019-04-02,2019-04-12,10,ema9_break,5,5,0.42498315376509377,0.42498315376509377,70.21811323919817,68.81801617265162,1.4612830191918316,1.3313550430884968,121.9,121.53,0.002214930270713733,-0.0030352748154225395,0.040401546943141575,0.04245865218464573,0.04632601003867354,0.053649304698428546,0.00724101045009462,11,2,0.053649304698428546,-0.00724101045009462
COST,2019-04-02,2019-04-12,10,ema9_break,1,1,0.5486530906292506,0.5486530906292506,66.80519383612491,59.46830295699949,3.1677088979226147,2.985100356355085,244.0,241.51,0.010327868852459066,-0.010204918032786892,0.007908575214276903,0.01146950436834926,0.0016976522711273923,0.02670696865554234,-0.0055070183429256625,7,16,0.02670696865554234,0.0055070183429256625
NVDA,2019-04-02,2019-04-16,14,ema9_break,2,2,0.5231632061318962,0.5231632061318962,67.0045744129584,61.54496134703969,0.1474545907998281,0.12985437033154135,4.58,4.66,0.048034934497816595,0.017467248908296984,0.025751072961373467,-0.032188841201716833,-0.14377682403433478,0.025751072961373467,-0.15021459227467815,5,18,0.025751072961373467,0.15021459227467815
ADBE,2019-04-02,2019-04-18,16,ema9_break,3,3,0.45023606874457045,0.45023606874457045,63.233507479778865,58.003050041607786,5.747030725750321,4.540154444045175,272.89,270.09,0.0,-0.010260544541756844,0.043948313525121296,0.057351253285941706,0.0361361027805549,0.07093931652412166,-0.008848902217779231,7,16,0.07093931652412166,0.008848902217779231
MSFT,2019-04-02,2019-04-26,24,"exhaustion(rsi=83.2,cp=0.13)",7,7,0.3726782517414947,0.3726782517414947,67.08197541050828,84.05226471629643,1.8270138274433538,1.8444648056056778,119.06,129.7,0.08474718629262568,0.08936670586259021,-0.006168080185042224,-0.019814957594448623,-0.02667694680030841,0.006939090208172738,-0.048959136468774034,2,11,0.006939090208172738,0.048959136468774034
AMZN,2019-04-02,2019-05-03,31,ema9_break,6,7,0.3983943045819864,0.28104169650517036,66.57724457855082,69.97274707280359,1.6562541185891133,1.6049573432663895,90.55,97.45,0.07708448371065724,0.07620099392600777,-0.03027193432529507,-0.041046690610569536,-0.1315546434068754,0.0008209338122113774,-0.1315546434068754,1,20,0.0008209338122113774,0.1315546434068754
NVDA,2019-05-02,2019-05-03,1,ema9_break,9,9,0.11619593030193619,0.11619593030193619,51.38573856950269,51.38573856950269,0.13668403998351453,0.13334946569897776,4.52,4.59,0.013274336283185972,0.015486725663716783,-0.08061002178649235,-0.14814814814814814,-0.27233115468409586,-0.019607843137254832,-0.27233115468409586,1,20,-0.019607843137254832,0.27233115468409586
GOOGL,2019-05-02,2019-05-03,1,ema9_break,8,8,0.22376781850387018,0.22376781850387018,37.51134724867681,43.76887325249847,1.164997790888104,1.1703550915389538,58.63,58.87,0.0,0.004093467508101467,-0.008323424494649179,-0.007304229658569694,-0.11771700356718195,0.013589264481060015,-0.11771700356718195,1,20,0.013589264481060015,0.11771700356718195
MSFT,2019-05-02,2019-05-03,1,ema9_break,2,2,0.4919792604554108,0.4919792604554108,61.35704326812398,67.47804439195912,1.872252429011449,1.9685201126534893,127.98,127.36,0.0,-0.00484450695421168,-0.0018059045226130888,0.0055747487437185494,-0.05904522613065322,0.012327261306532611,-0.05904522613065322,9,20,0.012327261306532611,0.05904522613065322
ADBE,2019-05-02,2019-05-03,1,ema9_break,5,5,0.33148936027468767,0.33148936027468767,58.017576721371995,63.90434263465613,5.3860249767415125,5.4805946212599785,283.14,282.56,0.0,-0.0020484565939110633,-0.014439411098527644,-0.009590883352208257,-0.08327434881087215,0.0038929784824461855,-0.08327434881087215,1,20,0.0038929784824461855,0.08327434881087215
COST,2019-05-02,2019-05-03,1,ema9_break,11,11,0.0901264537038268,0.0901264537038268,51.6414617396253,55.30928230223577,3.1243043627354345,3.0575683368257605,241.76,243.27,0.0038467902051622094,0.006245863666446194,0.015414971019854562,0.020882147408229468,-0.009043449664981384,0.02737698853126158,-0.015168331483536801,12,19,0.02737698853126158,0.015168331483536801
TSLA,2019-05-02,2019-05-03,1,ema9_break,10,10,0.09450431349389982,0.09450431349389982,38.843125382940215,46.26169377453726,0.6774284235979716,0.6918978219124021,16.37,16.26,0.0,-0.006719609040928498,-0.01783517835178361,-0.1346863468634687,-0.2662976629766298,0.04674046740467386,-0.2662976629766298,1,20,0.04674046740467386,0.2662976629766298
PEP,2019-05-02,2019-05-08,6,ema9_break,4,4,0.3803275850057394,0.3803275850057394,65.02841076168701,57.216829650755706,1.5045245701623615,1.51829488360077,127.24,125.8,0.0033794404275384604,-0.011317195850361506,0.028219395866454722,0.03394276629570747,0.049125596184419695,0.049125596184419695,0.001987281399046026,20,1,0.049125596184419695,-0.001987281399046026
NFLX,2019-05-02,2019-05-08,6,ema9_break,6,6,0.30324484549768965,0.30324484549768965,58.40537521591954,46.93404708081547,1.0210679638354625,1.0113971291936863,37.8,36.79,0.0185185185185186,-0.0267195767195767,-0.03506387605327532,-0.022288665398206065,-0.029355803207393283,-0.013862462625713445,-0.0850774667029085,1,17,-0.013862462625713445,0.0850774667029085
NVDA,2019-07-02,2019-07-09,7,ema9_break,1,1,0.6151105074168877,0.6151105074168877,59.403382879381546,51.31781583158597,0.13331335477470718,0.12470592268118526,4.14,3.89,0.0,-0.060386473429951626,0.07455012853470433,0.1285347043701799,-0.020565552699228773,0.14910025706940866,-0.03084832904884316,11,19,0.14910025706940866,0.03084832904884316
PEP,2019-07-02,2019-07-09,7,ema9_break,11,11,0.12829916771368388,0.12829916771368388,55.16427884954507,49.286935176547225,1.5262039581130298,1.660862433560658,132.09,133.0,0.014384132031190822,0.006889242183359734,0.00601503759398514,-0.016992481203007448,-0.049248120300751874,0.0106015037593985,-0.06466165413533831,1,19,0.0106015037593985,0.06466165413533831
NFLX,2019-07-02,2019-07-15,13,ema9_break,5,5,0.3390459767205708,0.3390459767205708,60.957971106968515,48.689192950059,0.909600564428647,0.8318408023235724,37.49,37.29,0.01813817017871422,-0.005334755934916058,-0.16706891928130863,-0.10780370072405465,-0.16653258246178604,-0.018503620273531696,-0.18396352909627245,1,17,-0.018503620273531696,0.18396352909627245
MSFT,2019-07-02,2019-07-17,15,ema9_break,7,7,0.2728398956964634,0.2728398956964634,63.93969143964917,55.19256520027029,2.2084227867909503,1.8993313737837003,136.12,137.7,0.020423156038789303,0.011607405230678713,0.021931735657225948,-0.010384894698620029,-0.02701525054466225,0.02643427741466975,-0.03986928104575149,7,13,0.02643427741466975,0.03986928104575149
AMZN,2019-07-02,2019-07-19,17,ema9_break,9,9,0.25701818624186856,0.25701818624186856,62.399339500206004,55.473301797000715,1.6140986272915954,1.5135510456760881,95.97,99.56,0.05293320829425863,0.037407523184328495,-0.024206508638007218,-0.0843712334270792,-0.09973885094415436,0.004821213338690233,-0.11460425873844915,3,18,0.004821213338690233,0.11460425873844915
GOOGL,2019-07-02,2019-07-22,20,ema9_break,10,10,0.1572042147389167,0.1572042147389167,52.39175478867263,55.32333937523206,1.0009818877382175,0.849192417577268,55.24,56.77,0.04398986241853731,0.027697320782042123,0.09371146732429092,0.017086489342962752,0.05724854676765889,0.09670600669367624,0.0005284481240090955,4,3,0.09670600669367624,-0.0005284481240090955
TSLA,2019-07-02,2019-07-26,24,"atr_trail(stop=16.37),ema9_break",4,4,0.36532777285271256,0.36532777285271256,55.338183757950745,43.08901757065245,0.5727236616338174,0.636543869525549,15.26,15.13,0.15727391874180863,-0.008519003931847902,0.03238598810310633,0.035690680766688576,-0.06873760740251167,0.0674157303370786,-0.06873760740251167,2,20,0.0674157303370786,0.06873760740251167
ADBE,2019-07-02,2019-07-30,28,ema9_break,2,2,0.4240685293355188,0.4240685293355188,64.37462394113953,51.76015611833103,6.41959826945273,5.4106994500506085,301.19,305.07,0.033467246588532173,0.012882233805903143,-0.06182187694627472,-0.0390074409151997,-0.05120136362146399,-0.020355983872553773,-0.08099780378273835,1,4,-0.020355983872553773,0.08099780378273835
COST,2019-07-02,2019-07-31,29,ema9_break,6,6,0.302214526887278,0.302214526887278,66.82528680276613,54.03529212590839,3.4292001710379836,3.131471988875635,263.92,279.02,0.07195362230979097,0.05721430736586841,-0.01691635008243131,-0.03895778080424339,0.055444054189663916,0.055444054189663916,-0.049888896853272025,20,3,0.055444054189663916,0.049888896853272025
NVDA,2019-08-02,2019-08-05,3,ema9_break,5,5,0.1931891147874766,0.1931891147874766,42.86884439515523,33.38097723778938,0.13078683492875817,0.14358777529098973,4.03,3.85,0.0,-0.04466501240694798,-0.01558441558441559,0.1090909090909089,0.06493506493506485,0.11428571428571432,-0.03376623376623378,13,8,0.11428571428571432,0.03376623376623378
GOOGL,2019-08-02,2019-08-05,3,ema9_break,1,1,0.41193580808950453,0.41193580808950453,59.29940722912042,48.28881330428658,1.234496076185571,1.3377463564580303,60.15,58.65,0.0,-0.02493765586034913,0.0013640238704177854,0.023358908780903853,-0.0028985507246377384,0.028303495311168048,-0.016538789428815037,3,14,0.028303495311168048,0.016538789428815037
PEP,2019-08-02,2019-08-05,3,ema9_break,9,9,0.11520094549542023,0.11520094549542023,38.72138407973223,30.340332537649687,2.0506903303898474,2.2806410210762875,127.1,128.35,0.006451612903225934,0.009834775767112447,0.0,0.03287884690299969,0.07097779509154667,0.07097779509154667,-0.014803272302298387,20,1,0.07097779509154667,0.014803272302298387
AMZN,2019-08-02,2019-08-05,3,ema9_break,8,8,0.14739053339026317,0.14739053339026317,29.29048943580983,23.77079542634317,1.8134033156708373,1.9495887931229203,92.25,88.51,0.0,-0.04054200542005415,0.008360637216133782,0.025985764320415772,0.011072195232177062,0.03536323579256573,-0.011637103152186246,3,14,0.03536323579256573,0.011637103152186246
MSFT,2019-08-02,2019-08-05,3,ema9_break,4,4,0.2874734701548935,0.2874734701548935,48.94411204659624,37.32214243824631,2.432753680093565,2.696128417229739,138.09,133.3,0.0,-0.03468752263016872,0.018679669917479158,0.03833458364591147,0.02055513878469606,0.04193548387096757,0.0006751687921977556,3,14,0.04193548387096757,-0.0006751687921977556
COST,2019-08-02,2019-08-05,3,ema9_break,3,3,0.31947240705342367,0.31947240705342367,46.33308733032999,33.77255136452507,3.456320235306033,3.9087259327841752,274.3,270.09,0.0,-0.015348158950054813,0.004517012847569335,0.02043763190047776,0.08130623125624803,0.09804139360953767,-0.007182790921544613,18,7,0.09804139360953767,0.007182790921544613
ADBE,2019-08-02,2019-08-05,3,ema9_break,6,6,0.18903765262965008,0.18903765262965008,39.7765453315793,29.243686209906684,6.127633634023756,6.899231231593488,295.57,285.04,0.0,-0.03562607842473853,0.012664889138366497,0.010279259051361178,-0.00908644400785863,0.04469548133595258,-0.010209093460566976,3,17,0.04469548133595258,0.010209093460566976
NFLX,2019-08-02,2019-08-05,3,ema9_break,10,10,0.10674438268879323,0.10674438268879323,35.57666723087364,31.016391624900024,1.0129209297519652,1.0412837204839678,31.75,31.1,0.004094488188976397,-0.020472440944881876,-0.0006430868167203174,-0.005144694533762095,-0.06977491961414795,0.015755627009646167,-0.06977491961414795,3,20,0.015755627009646167,0.06977491961414795
TSLA,2019-08-02,2019-08-05,3,ema9_break,7,7,0.1576394236991781,0.1576394236991781,47.2734889696082,43.53827351595726,0.6480284683237448,0.6424550063006201,15.42,15.31,0.012970168612191912,-0.007133592736705552,-0.0026126714565644082,-0.012410189418680662,-0.020248203788373664,0.03788373612018292,-0.07968647942521234,3,14,0.03788373612018292,0.07968647942521234
ADBE,2019-09-04,2019-09-05,1,ema9_break,10,10,0.11315703273786527,0.11315703273786527,45.245373446538544,48.48987438270302,6.951573935696442,6.918611511718128,286.04,287.83,0.0,0.006257866032722603,-0.03408261821213909,-0.0228259736650106,-0.05360803251919544,-0.010040648994197876,-0.0735503595872562,1,19,-0.010040648994197876,0.0735503595872562
NFLX,2019-09-04,2019-09-05,1,ema9_break,11,11,0.0777893980426368,0.0777893980426368,38.21906454123473,39.975566959884105,0.8659117130950766,0.8840608764454282,29.13,28.53,0.000686577411603162,-0.020597322348094638,0.012618296529968376,0.004556607080266284,-0.05993690851735023,0.046617595513494425,-0.10760602874167546,8,13,0.046617595513494425,0.10760602874167546
TSLA,2019-09-04,2019-09-05,1,ema9_break,6,6,0.14026770818128398,0.14026770818128398,45.92901920798712,53.19122927314387,0.5451119573551545,0.549746817544072,15.13,14.83,0.0,-0.01982815598149379,0.105192178017532,0.10856372218476062,0.04787592717464584,0.11058664868509771,0.003371544167228624,4,13,0.11058664868509771,-0.003371544167228624
MSFT,2019-09-04,2019-09-10,6,ema9_break,5,5,0.1543425480240691,0.1543425480240691,52.26348328477363,47.79353765862489,2.7195963038738404,2.7343601633418584,137.3,136.8,0.020029133284777956,-0.0036416605972323657,0.0043128654970758795,0.004239766081871155,-0.008260233918128801,0.031213450292397527,-0.01571637426900585,7,16,0.031213450292397527,0.01571637426900585
PEP,2019-09-04,2019-09-11,7,ema9_break,1,1,0.5296369323376866,0.5296369323376866,70.97201291706853,57.8407247778558,2.0466879590087705,2.063773487914713,137.81,135.27,0.009723532399680712,-0.018431173354618635,0.001700303097508682,-0.0013306719893546592,0.019072965180749524,0.03703703703703698,-0.00983218747689818,17,15,0.03703703703703698,0.00983218747689818
COST,2019-09-04,2019-09-12,8,"atr_trail(stop=291.90),ema9_break",2,2,0.45616416423878575,0.45616416423878575,66.13747431441064,53.63075482802864,5.49145032994293,5.799256130207955,294.0,290.34,0.033197278911564654,-0.012448979591836773,-0.008645036853344279,-0.007164014603568192,0.023420816973203973,0.023420816973203973,-0.022077564235034708,20,13,0.023420816973203973,0.022077564235034708
AMZN,2019-09-04,2019-09-17,13,ema9_break,7,7,0.13962009572174766,0.13962009572174766,47.34829816693521,50.297164449389214,1.7063406408062203,1.4972711565776198,90.25,90.35,0.021385041551246653,0.001108033240997175,-0.036192584394023175,-0.03951300498063082,-0.02191477587161028,0.007969009407858385,-0.05611510791366903,2,15,0.007969009407858385,0.05611510791366903
NVDA,2019-09-04,2019-09-20,16,ema9_break,4,4,0.2315769772873924,0.2315769772873924,55.08611418481654,49.45401503350561,0.1461250844899497,0.13039925517138673,4.17,4.42,0.10551558752997603,0.05995203836930463,-0.02941176470588236,0.02941176470588225,0.07692307692307687,0.11085972850678738,-0.02941176470588236,17,5,0.11085972850678738,0.02941176470588236
GOOGL,2019-09-04,2019-09-25,21,ema9_break,9,9,0.11317410684576087,0.11317410684576087,51.51061238780044,61.341612924046245,1.1719853986125215,1.1068434016026403,58.97,60.8,0.051382058673902,0.031032728506019902,-0.03125,-0.011184210526315796,0.03421052631578947,0.03421052631578947,-0.03125,20,5,0.03421052631578947,0.03125
NVDA,2019-10-02,2019-10-03,1,ema9_break,4,4,0.1946793782137175,0.1946793782137175,49.26217359864709,58.56620525895532,0.13362909589757688,0.14122701761917855,4.33,4.33,0.0,0.0,0.05773672055427248,0.1224018475750579,0.161662817551963,0.1939953810623556,0.023094688221708903,17,3,0.1939953810623556,-0.023094688221708903
GOOGL,2019-10-02,2019-10-03,1,ema9_break,8,8,0.11973556627431686,0.11973556627431686,39.671372357303326,43.612725708149995,1.139641178361785,1.1575239513359434,59.83,59.17,0.0,-0.011031255223132197,0.021970593206016575,0.05864458340375189,0.06371472029744796,0.0892344093290518,0.005746155146188814,17,3,0.0892344093290518,-0.005746155146188814
PEP,2019-10-02,2019-10-03,1,ema9_break,3,3,0.26457746805793086,0.26457746805793086,45.38075904569229,58.35178346469918,1.9121597940854367,2.1905769516507627,136.89,138.44,0.0,0.011322960040908825,-0.003972840219589768,-0.01069055186362311,-0.009173649234325398,0.013290956370991092,-0.017047096214966695,1,18,0.013290956370991092,0.017047096214966695
AMZN,2019-10-02,2019-10-03,1,ema9_break,7,7,0.12465734298400186,0.12465734298400186,34.502802526227356,37.57198254785629,1.6382407749800814,1.6640807196243612,86.39,85.65,0.0,-0.008565806227572526,0.004203152364273155,0.043432574430823045,0.03712784588441331,0.043432574430823045,-0.004319906596614187,10,3,0.043432574430823045,0.004319906596614187
MSFT,2019-10-02,2019-10-03,1,ema9_break,9,9,0.11552603955612034,0.11552603955612034,42.21490658830452,46.70874081165212,2.6765871950386666,2.737545252535905,136.25,134.95,0.0,-0.009541284403669859,0.03075213041867353,0.03512412004446097,0.06239347906632098,0.0715820674323826,0.00533530937384219,19,3,0.0715820674323826,-0.00533530937384219
COST,2019-10-02,2019-10-03,1,ema9_break,10,10,0.10584429841817346,0.10584429841817346,46.69944272932944,52.44024277813147,4.719568202117861,5.043884759109442,283.23,285.39,0.0066377149313279205,0.007626310772163913,0.04117172991345175,0.05960264900662238,0.041066610603034626,0.061214478433021524,0.022004975647359926,11,1,0.061214478433021524,-0.022004975647359926
ADBE,2019-10-02,2019-10-03,1,ema9_break,11,11,0.059372252783874487,0.059372252783874487,36.02802430840581,42.84410664367496,7.403058907987122,7.5135547002737555,271.18,266.92,0.0,-0.015709123091673383,0.030196313502173,0.008691742844297856,0.041248314101603345,0.04671811778810109,-0.021841750337179833,8,13,0.04671811778810109,0.021841750337179833
NFLX,2019-10-02,2019-10-03,1,ema9_break,5,5,0.18529291896298686,0.18529291896298686,38.070625156521096,38.27795401745335,0.9430386977218096,0.9599645050273946,26.36,26.78,0.01669195751138086,0.01593323216995457,0.04742345033607176,0.09559372666168775,0.07318894697535461,0.09559372666168775,-0.00410754294249438,10,13,0.09559372666168775,0.00410754294249438
TSLA,2019-10-02,2019-10-04,2,ema9_break,2,2,0.3496849975885396,0.3496849975885396,55.510009818969465,46.24935198380118,0.5634606969116881,0.6015553968269151,16.22,15.44,0.0,-0.04808877928483346,0.07059585492227982,0.10945595854922274,0.3529792746113991,0.41709844559585485,0.026554404145077815,15,1,0.41709844559585485,-0.026554404145077815
PEP,2019-11-04,2019-11-05,1,ema9_break,10,10,0.15931493115492928,0.15931493115492928,43.17135870860822,38.769635397966354,1.6482034480795371,1.7133317732167133,136.8,134.83,0.0,-0.01440058479532158,-0.02113772899206423,-0.001928354223837525,0.01831936512645549,0.01831936512645549,-0.02113772899206423,20,5,0.01831936512645549,0.02113772899206423
COST,2019-11-04,2019-11-05,1,ema9_break,11,11,0.14426316573619655,0.14426316573619655,52.24054640361792,56.39226684624121,4.013201192375312,4.00368682149136,297.16,297.09,0.0,-0.0002355633328847695,0.011478003298663886,0.017334814366017248,-0.0019186105220639904,0.02733178498098221,-0.00477969638829967,2,19,0.02733178498098221,0.00477969638829967
AMZN,2019-11-04,2019-11-11,7,ema9_break,8,8,0.24573835014083195,0.24573835014083195,58.35369469730446,48.547092118049946,1.501400667986461,1.30736301879183,90.05,88.9,0.0019988895058302703,-0.01277068295391437,-0.014285714285714346,-0.0023622047244095112,-0.021822272215973104,0.022834645669291387,-0.024296962879640116,12,8,0.022834645669291387,0.024296962879640116
NFLX,2019-11-04,2019-11-14,10,ema9_break,9,9,0.2389861921739316,0.2389861921739316,58.94832132407044,53.8744267740368,0.9186251333567144,0.8621220410119331,28.8,28.33,0.021527777777777812,-0.016319444444444553,0.10024708789269332,0.11083656900811856,0.053653370984821924,0.11507236145428879,0.03459230497705623,9,17,0.11507236145428879,-0.03459230497705623
NVDA,2019-11-04,2019-11-18,14,ema9_break,5,5,0.3703198971983489,0.3703198971983489,70.82603067552293,64.73477959083232,0.14762090464469715,0.14570906827860736,5.15,5.1,0.02135922330097073,-0.009708737864077777,0.08431372549019622,0.01764705882352957,0.11960784313725492,0.11960784313725492,0.01764705882352957,20,10,0.11960784313725492,-0.01764705882352957
GOOGL,2019-11-04,2019-11-21,17,ema9_break,6,6,0.34707955401308377,0.34707955401308377,65.70562149459803,57.08425178398775,1.0000430060219854,0.9421530139070688,63.81,64.96,0.04497727628898307,0.018022253565271873,0.003694581280788256,0.03094211822660098,0.04002463054187211,0.0474137931034484,-0.008004926108374333,16,6,0.0474137931034484,0.008004926108374333
TSLA,2019-11-04,2019-11-25,21,"atr_trail(stop=22.44),ema9_break",2,2,0.612564169217747,0.612564169217747,73.92530856573286,58.219829192302704,0.7922109137955967,0.7638167158999278,20.99,22.95,0.14197236779418776,0.09337779895188181,-0.0235294117647058,0.01350762527233118,0.23529411764705888,0.23529411764705888,-0.0444444444444444,20,1,0.23529411764705888,0.0444444444444444
MSFT,2019-11-04,2019-12-03,29,ema9_break,3,3,0.41080747893768493,0.3652572582824819,61.253996425677116,58.39451929744312,2.3199597579780775,1.8767726567163925,144.83,147.49,0.051715804736587545,0.018366360560657213,0.024679639297579437,0.048816868940267044,0.08902298460912594,0.08902298460912594,0.01600108481930973,20,1,0.08902298460912594,-0.01600108481930973
ADBE,2019-11-04,2019-12-03,29,ema9_break,7,1,0.2889385328402427,0.4658824494555274,54.68147105209975,64.21399452576357,5.954504611947036,5.210894271489365,280.56,298.24,0.10325777017393767,0.06301682349586546,0.0198833154506437,0.08251743562231773,0.1213452253218883,0.1213452253218883,0.014317328326180156,20,1,0.1213452253218883,-0.014317328326180156
NVDA,2019-12-03,2019-12-04,1,ema9_break,10,10,0.12241955197384077,0.12241955197384077,50.17525992925404,52.41215396439442,0.14814367665480538,0.14541912832231924,5.05,5.28,0.027722772277227747,0.045544554455445585,0.02840909090909083,0.08712121212121215,0.11742424242424243,0.13636363636363624,-0.011363636363636465,19,1,0.13636363636363624,0.011363636363636465
GOOGL,2019-12-03,2019-12-04,1,ema9_break,11,11,0.06730583931650527,0.06730583931650527,51.93432559130521,60.28552237108435,0.8753091164652762,0.9177870367177564,63.93,65.31,0.012670107930548902,0.021586109807602005,0.029092022661154404,0.035063543102128225,0.04241310672178833,0.04777216352779057,0.015924054509263375,19,1,0.04777216352779057,-0.015924054509263375
AMZN,2019-12-03,2019-12-04,1,ema9_break,4,4,0.328331958134052,0.328331958134052,49.271661845772144,46.89804374535128,1.3282933365950453,1.3362723839811135,88.0,88.7,0.005681818181818121,0.007954545454545547,-0.014205186020293192,0.005636978579481422,0.056933483652762185,0.06989853438556937,-0.01961668545659534,19,4,0.06989853438556937,0.01961668545659534
COST,2019-12-03,2019-12-04,1,ema9_break,9,9,0.1693475457959735,0.1693475457959735,40.985912319065434,43.331241102551175,3.745698815648056,3.6217203288160555,295.13,296.04,0.001829702165147662,0.0030833869820079407,-0.0024996622078098385,-0.014085934333198269,-0.01455884339954061,0.004391298473179095,-0.01536954465612761,6,19,0.004391298473179095,0.01536954465612761
NFLX,2019-12-03,2019-12-04,1,ema9_break,2,2,0.4281210187741532,0.4281210187741532,56.569492005800136,54.54830909158606,0.796238917743133,0.7757932807614809,30.22,30.84,0.013236267372600974,0.020516214427531487,-0.030804150453955903,0.04020752269779493,0.05674448767833984,0.0924124513618676,-0.04961089494163429,12,4,0.0924124513618676,0.04961089494163429
TSLA,2019-12-03,2019-12-04,1,ema9_break,6,6,0.2780068882980415,0.2780068882980415,57.39625301565418,54.9591460123899,0.6579376336805951,0.634513516989124,22.17,22.52,0.010825439783491042,0.015787099684257955,0.04396092362344595,0.16385435168738915,0.31127886323268217,0.31127886323268217,-0.022202486678507993,20,1,0.31127886323268217,0.022202486678507993
PEP,2019-12-03,2019-12-11,8,ema9_break,5,5,0.3170301482991348,0.3170301482991348,53.48076162232937,58.10096279231217,1.6018461088273104,1.601700777405493,136.66,137.05,0.005122201082979672,0.0028537977462317343,-0.007880335643925651,-0.002626778547975328,-0.018387449835826408,0.0064939802991608175,-0.022181685516235117,2,17,0.0064939802991608175,0.022181685516235117
PEP,2020-01-03,2020-01-06,3,ema9_break,11,11,0.07540813488314116,0.07540813488314116,45.403611367876096,48.79978096523089,1.5583296849022261,1.5270204216949246,135.46,135.3,0.0012549830208179458,-0.0011811604901815764,0.009090909090909038,0.048484848484848575,0.05853658536585349,0.06304508499630446,-0.009534368070953536,17,1,0.06304508499630446,0.009534368070953536
COST,2020-01-03,2020-01-06,3,ema9_break,10,10,0.09871057451072315,0.09871057451072315,41.939003999349914,42.16144745020716,3.178777474029358,3.198150511598689,290.05,290.55,0.00579210480951553,0.0017238407171178416,0.03207709516434343,0.07816210635002574,0.04938908965754596,0.07816210635002574,0.0027533987265531135,10,1,0.07816210635002574,-0.0027533987265531135
NFLX,2020-01-03,2020-01-06,3,ema9_break,8,8,0.3250050128852425,0.3250050128852425,58.61072584192888,65.01762348280637,0.691597347419626,0.7507689654610815,32.68,32.31,0.0,-0.011321909424724552,0.048901268956979216,0.0464252553389044,0.1420612813370472,0.1420612813370472,0.008975549365521474,20,11,0.1420612813370472,-0.008975549365521474
MSFT,2020-01-03,2020-01-08,5,ema9_break,4,4,0.5098584782354945,0.5098584782354945,65.51682731403601,66.19192270402053,1.7720883885062395,1.9642158125175686,158.32,158.93,0.004484588175846405,0.003852956038403299,0.026741332662178374,0.04901528975020453,0.15541433335430677,0.15541433335430677,0.015163908639023393,20,2,0.15541433335430677,-0.015163908639023393
AMZN,2020-01-03,2020-01-15,12,ema9_break,3,3,0.523274391628965,0.523274391628965,65.34012358490088,54.825260847026485,1.3975611569385757,1.3681981776608987,93.22,93.61,0.022741900879639676,0.004183651576914915,0.006623224014528306,-0.0008546095502617312,0.14827475697040904,0.15372289285332763,-0.023394936438414726,19,7,0.15372289285332763,0.023394936438414726
GOOGL,2020-01-03,2020-01-23,20,"exhaustion(rsi=80.7,cp=0.09)",9,9,0.3210604498092323,0.3210604498092323,60.21904602282426,80.78691482961969,0.8224940509034632,0.8880306654357591,67.4,74.38,0.1010385756676555,0.10356083086053403,-0.0224522721161603,-0.007797795106211369,-0.0028233396074213157,0.025006722237160606,-0.037510083355740687,18,2,0.025006722237160606,0.037510083355740687
TSLA,2020-01-03,2020-01-23,20,"exhaustion(rsi=80.1,cp=0.30)",2,2,0.6311640041625364,0.6311640041625364,78.63563510045248,80.38063590479592,0.8868945358551439,1.4700086534316537,29.37,37.62,0.2928157984337758,0.2808988764044942,0.13556618819776722,0.3272195640616693,0.5967570441254653,0.6257309941520468,-0.011164274322168932,18,2,0.6257309941520468,0.011164274322168932
NVDA,2020-01-03,2020-01-28,25,ema9_break,6,6,0.47349075801773705,0.47349075801773705,63.1246521660101,58.31259158616436,0.12388742839259845,0.16002777982339766,5.88,6.07,0.0748299319727892,0.03231292517006801,0.01812191103789118,0.10378912685337727,0.10214168039538718,0.2965403624382208,-0.02635914332784184,15,3,0.2965403624382208,0.02635914332784184
ADBE,2020-01-03,2020-01-28,25,ema9_break,5,5,0.5091526103992654,0.5091526103992654,72.04620010859503,74.67936048157036,4.75585902118663,5.480381834967125,329.17,349.0,0.06862715314275292,0.060242427924780406,0.05083094555873924,0.058108882521489935,0.006704871060171813,0.09822349570200561,-0.0034383954154727503,15,19,0.09822349570200561,0.0034383954154727503
GOOGL,2020-02-04,2020-02-05,1,ema9_break,2,2,0.5233865125983933,0.5233865125983933,54.19485222562225,54.32364019599042,1.361114204587259,1.388891761402455,72.72,73.18,0.0,0.006325632563256356,0.03757857338070503,0.03648537851872069,-0.101667122164526,0.041814703470893555,-0.101667122164526,9,20,0.041814703470893555,0.101667122164526
COST,2020-02-04,2020-02-05,1,ema9_break,8,8,0.23009587667618847,0.23009587667618847,52.64626956964809,58.70966023202058,3.989919158328212,4.0399249327333395,304.57,307.0,0.00108349476310865,0.007978461437436302,0.02644951140065155,0.05563517915309446,0.028534201954397265,0.05563517915309446,-0.08423452768729645,10,16,0.05563517915309446,0.08423452768729645
AMZN,2020-02-04,2020-02-12,8,"exhaustion(rsi=80.8,cp=0.30)",5,5,0.43056891408191544,0.43056891408191544,75.0855445694182,81.28669607708437,2.061231341143678,2.1258298809534053,101.49,108.16,0.05961178441225745,0.06572076066607546,-0.0047152366863904005,-0.1289755917159764,-0.22494452662721898,0.003235946745562268,-0.22494452662721898,4,20,0.003235946745562268,0.22494452662721898
AAPL,2020-02-04,2020-02-19,15,ema9_break,9,9,0.21755637095248057,0.21755637095248057,59.917236139699284,57.846973355083136,1.8194443039809827,1.6749391036702599,78.83,80.0,0.037676011670683796,0.014842065203602761,-0.08550000000000002,-0.053875000000000006,-0.22912500000000002,0.0009999999999998899,-0.24312500000000004,1,18,0.0009999999999998899,0.24312500000000004
PEP,2020-02-04,2020-02-21,17,ema9_break,7,7,0.31903818185637967,0.31903818185637967,63.412966560777505,64.00522896782111,1.737726883447308,1.654687204046328,143.2,145.06,0.026466480446927454,0.012988826815642618,-0.08982490004136223,-0.05377085343995591,-0.28353784640838275,-0.016682751964704368,-0.28353784640838275,1,20,-0.016682751964704368,0.28353784640838275
NVDA,2020-02-04,2020-02-24,20,atr_trail(stop=7.35),10,10,0.15875892015402931,0.15875892015402931,55.81048663931566,53.37032457638376,0.16667388300627875,0.286064041642972,6.15,6.75,0.27967479674796736,0.09756097560975596,0.023703703703703782,-0.09037037037037043,-0.21185185185185185,0.053333333333333455,-0.2725925925925926,7,15,0.053333333333333455,0.2725925925925926
MSFT,2020-02-04,2020-02-24,20,"atr_trail(stop=180.95),ema9_break",3,3,0.47116606964253804,0.47116606964253804,75.75753502442402,42.772998728663715,3.061258445032289,4.6944024524033425,177.14,167.77,0.06525911708253362,-0.052896014451845885,0.029921916910055302,-0.10222328187399421,-0.18948560529296066,0.029921916910055302,-0.19282350837456053,5,15,0.029921916910055302,0.19282350837456053
ADBE,2020-02-04,2020-02-24,20,ema9_break,4,4,0.4622570554390595,0.4622570554390595,73.90040041628721,46.157779953364596,6.168467744374464,8.060710558452296,363.43,355.39,0.054618495996477945,-0.02212255454970702,0.013759531781985856,-0.13956498494611547,-0.13540054587917505,0.023804834125890073,-0.19806409859590868,7,13,0.023804834125890073,0.19806409859590868
NFLX,2020-02-04,2020-02-25,21,ema9_break,6,6,0.37877892677994807,0.37877892677994807,67.56077357655757,47.85451290001099,1.0379514402572831,1.101166368115852,36.1,37.2,0.0742382271468145,0.030470914127423754,-0.008602150537634468,-0.02123655913978506,-0.03951612903225821,0.0317204301075269,-0.1967741935483872,6,14,0.0317204301075269,0.1967741935483872
NVDA,2020-03-03,2020-03-04,1,ema9_break,1,1,0.44955328467231415,0.44955328467231415,49.8793927301204,56.724350332999414,0.3621469013201706,0.3698506940830155,6.97,6.76,0.0,-0.03012912482065999,-0.08875739644970404,-0.2499999999999999,-0.10059171597633132,0.010355029585798814,-0.27366863905325445,1,8,0.010355029585798814,0.27366863905325445
GOOGL,2020-03-03,2020-03-04,1,ema9_break,11,11,0.20909250650110034,0.20909250650110034,36.013571759825126,43.58385364446929,2.093861041367092,2.1078709669837288,69.88,67.95,0.0,-0.027618775042930643,-0.10890360559234735,-0.19705665930831495,-0.18896247240618103,-0.0325239146431201,-0.22428256070640173,1,13,-0.0325239146431201,0.22428256070640173
PEP,2020-03-03,2020-03-04,1,ema9_break,9,9,0.2190148425397866,0.2190148425397866,37.96378736341981,52.12397224320587,3.161714850905473,3.4451637901265104,137.19,136.19,0.0,-0.007289161017566825,-0.04728687862544967,-0.11212276966003376,-0.1326822821058814,0.014024524561274676,-0.23687495410823112,1,12,0.014024524561274676,0.23687495410823112
AMZN,2020-03-03,2020-03-04,1,ema9_break,10,10,0.2172374454041346,0.2172374454041346,40.46151499512352,48.34924348996716,3.0314084516794693,3.0613078479880786,98.77,97.33,0.0,-0.01457932570618603,-0.06462550087331753,-0.059899311620260964,-0.019932189458543026,0.008938662282955034,-0.13870338025274842,18,6,0.008938662282955034,0.13870338025274842
MSFT,2020-03-03,2020-03-04,1,ema9_break,7,7,0.2532390490218203,0.2532390490218203,42.82612864036202,48.512460789882496,6.6914814959225275,6.655661389070918,173.8,168.49,0.0,-0.030552359033371723,-0.08819514511246962,-0.16671612558608817,-0.09721645201495632,-0.013175856133895159,-0.19627277583239378,1,8,-0.013175856133895159,0.19627277583239378
ADBE,2020-03-03,2020-03-04,1,ema9_break,4,4,0.33420389267282413,0.33420389267282413,44.8889930310549,53.42652200370841,11.565774695164825,11.877505074081624,361.76,354.38,0.0,-0.020400265369305615,-0.1104746317512274,-0.16866075963654825,-0.15003668378576673,-0.009453129409108918,-0.19577854280715612,1,6,-0.009453129409108918,0.19577854280715612
COST,2020-03-03,2020-03-04,1,ema9_break,2,2,0.40477897093084786,0.40477897093084786,46.87702498155757,56.957289047741895,8.685132720778778,9.367623240723152,309.14,308.29,0.0,-0.002749563304651481,-0.03522657238314575,-0.0025625223004315245,-0.06977196795225293,0.024230432385091927,-0.09225080281553077,1,6,0.024230432385091927,0.09225080281553077
NFLX,2020-03-03,2020-03-04,1,ema9_break,3,3,0.33922777990102604,0.33922777990102604,51.378030628544764,58.368291277702085,1.418298912500816,1.4255632758936148,38.1,37.78,0.0,-0.008398950131233596,-0.07384859714134462,-0.16490206458443624,-0.03626257278983602,-0.0060878771836951895,-0.20910534674430925,19,8,-0.0060878771836951895,0.20910534674430925
META,2020-03-03,2020-03-04,1,ema9_break,8,8,0.25090642697307425,0.25090642697307425,31.34049929333952,38.39674545010462,6.492950880467142,6.453454389005206,196.22,189.17,0.0,-0.03592905921924372,-0.10006872125601296,-0.22313263202410516,-0.15631442617751223,-0.02114500185018764,-0.2281545699635249,1,8,-0.02114500185018764,0.2281545699635249
PEP,2020-05-04,2020-05-05,1,ema9_break,11,11,0.08634944196198868,0.08634944196198868,49.66898497887954,50.66896592144967,4.412400519027937,4.2800861962402275,130.17,131.64,0.0057616962433739705,0.011292924637013035,0.009875417806137987,0.0006836827711942384,0.00896384077787915,0.03274080826496517,-0.01435733819507734,8,14,0.03274080826496517,0.01435733819507734
AMZN,2020-05-04,2020-05-05,1,ema9_break,4,4,0.33705688148935176,0.33705688148935176,55.7452894588196,55.84790503462117,4.50329306917851,4.338057849951474,112.82,117.0,0.026413756426165502,0.03705016840985653,0.007264957264957239,0.04675213675213685,0.0591452991452992,0.0675213675213675,0.0047863247863249025,11,1,0.0675213675213675,-0.0047863247863249025
COST,2020-05-04,2020-05-05,1,ema9_break,10,10,0.11808089408949998,0.11808089408949998,50.15685769328388,52.51564541895959,8.521538016735233,8.36714244411129,303.0,305.06,0.004917491749174996,0.006798679867986879,-0.0007211696059792327,-0.0014095587753228944,0.005179308988395581,0.01727529010686424,-0.01917655543171848,4,8,0.01727529010686424,0.01917655543171848
GOOGL,2020-05-04,2020-05-14,10,ema9_break,5,5,0.2639065535546619,0.2639065535546619,58.63544155400137,57.89833124903167,2.5027438717163957,2.235917254622564,65.41,66.68,0.07292462926158105,0.019415991438618052,0.05488902219556091,0.07498500299940014,0.05953809238152363,0.09838032393521279,0.02954409118176371,18,1,0.09838032393521279,-0.02954409118176371
MSFT,2020-05-04,2020-05-14,10,ema9_break,8,8,0.21732855532856493,0.21732855532856493,58.29380166748313,56.12129162798377,6.285931420336158,5.43714144631614,174.49,177.54,0.0702045962519342,0.017479511719869167,0.03317562239495331,0.03216176636251,0.05745184183845908,0.10870789681198612,0.02174157936239718,18,9,0.10870789681198612,-0.02174157936239718
ADBE,2020-05-04,2020-05-14,10,ema9_break,6,6,0.2536469512736827,0.2536469512736827,55.787266760511166,54.230921897064206,14.946829836086831,12.601704564847397,340.74,354.0,0.09003932617244814,0.03891530198978699,0.07957627118644073,0.09209039548022613,0.1484180790960452,0.14920903954802256,0.03192090395480229,18,1,0.14920903954802256,-0.03192090395480229
META,2020-05-04,2020-05-14,10,ema9_break,2,2,0.44455397339239167,0.44455397339239167,66.77150546387952,62.1344372801943,8.708832215875185,7.14804796116058,200.2,202.56,0.06483516483516483,0.011788211788211767,0.14232819905213256,0.11122630331753558,0.12845576619273302,0.17826816745655605,0.041074249605055346,17,1,0.17826816745655605,-0.041074249605055346
NFLX,2020-05-04,2020-05-22,18,ema9_break,7,7,0.22577146011223165,0.22577146011223165,59.68521540972207,51.175065379908084,1.839669317112773,1.5201098305485694,41.78,43.7,0.08712302537099093,0.04595500239348982,-0.02540045766590393,-0.040045766590389054,0.07093821510297471,0.07093821510297471,-0.054004576659038905,20,3,0.07093821510297471,0.054004576659038905
NVDA,2020-05-04,2020-05-28,24,ema9_break,9,9,0.14626701847454904,0.14626701847454904,55.795220641929596,59.315211455062226,0.3552027971284139,0.38828527210218583,7.02,8.41,0.2863247863247864,0.19800569800569812,0.04280618311533879,0.046373365041617154,0.1284185493460166,0.13317479191438752,0.04280618311533879,17,4,0.13317479191438752,-0.04280618311533879
TSLA,2020-05-04,2020-05-29,25,ema9_break,1,1,0.48566197431306624,0.48566197431306624,57.888026327473206,61.929547403173494,3.931870156193006,2.5264347650799777,46.73,53.92,0.1806120265354163,0.15386261502246956,0.09495548961424327,0.1563427299703264,0.1865727002967359,0.267433234421365,0.06880563798219597,8,4,0.267433234421365,-0.06880563798219597
NFLX,2020-06-02,2020-06-04,2,ema9_break,11,11,0.1817655233502402,0.1817655233502402,51.39356229602023,44.6554139068564,1.4146105591473779,1.414332573958708,42.59,42.24,0.0032871566095324933,-0.0082178915238319,0.007575757575757569,0.06510416666666674,0.1290246212121211,0.14962121212121215,-0.010179924242424199,19,6,0.14962121212121215,0.010179924242424199
GOOGL,2020-06-02,2020-06-05,3,ema9_break,5,5,0.32590805556447006,0.32590805556447006,67.72903687523767,63.65851196331202,1.739297617756161,1.7021307821466054,71.75,70.78,0.005156794425087208,-0.013519163763066167,-0.0018366770274088617,0.0063577281717999146,0.05933879627013283,0.05933879627013283,-0.03743995478948858,20,15,0.05933879627013283,0.03743995478948858
PEP,2020-06-02,2020-06-05,3,ema9_break,9,9,0.23418229942266713,0.23418229942266713,51.809580072001836,51.3095469556605,3.074407585808521,2.9999101552555847,133.05,131.0,0.0,-0.015407741450582546,-0.01526717557251911,0.0021374045801527686,0.017557251908397076,0.02389312977099234,-0.024122137404580135,3,4,0.02389312977099234,0.024122137404580135
MSFT,2020-06-02,2020-06-05,3,ema9_break,10,10,0.20089202784395374,0.20089202784395374,58.81200792830219,60.70616665995979,4.4744536306490374,4.371215242906682,184.25,182.62,0.006024423337856355,-0.008846675712347318,0.028036359653926146,0.06861241923119055,0.15376190997700134,0.15376190997700134,0.019986857956412196,20,4,0.15376190997700134,-0.019986857956412196
COST,2020-06-02,2020-06-09,7,ema9_break,8,8,0.25742248276276997,0.25742248276276997,52.6649552299411,49.058132203129716,5.88136214903005,5.685043167281147,307.95,307.5,0.013281376846890902,-0.001461276181198179,-0.01996747967479673,-0.02019512195121942,0.028682926829268318,0.028682926829268318,-0.03557723577235772,20,13,0.028682926829268318,0.03557723577235772
AAPL,2020-05-04,2020-06-12,39,atr_trail(stop=83.99),3,7,0.41685979341751583,0.2997592659200179,59.451761574584104,63.802857114439206,2.5475751654115917,2.203447709162205,72.29,86.18,0.22022409738553028,0.19214275833448613,0.014504525411928482,0.0258760733348804,0.1079136690647482,0.11301926200974699,-0.004989556741703538,19,1,0.11301926200974699,0.004989556741703538
NVDA,2020-06-02,2020-06-12,10,ema9_break,2,2,0.4495526003012086,0.4495526003012086,63.220044616533194,57.9358037711707,0.36036178673779257,0.3666076390299969,8.8,9.16,0.0647727272727272,0.040909090909090784,0.01091703056768556,-0.0010917030567685337,0.09716157205240172,0.14737991266375539,-0.009825327510917026,18,2,0.14737991266375539,0.009825327510917026
ADBE,2020-06-02,2020-06-12,10,ema9_break,3,3,0.38601365366684826,0.38601365366684826,65.66373336622152,64.00976654664501,11.47402333469959,12.728011401351614,389.92,409.3,0.043342224045958,0.049702503077554416,0.045712191546542824,0.043049108233569555,0.08104080136818959,0.13901783532860978,-0.019447837771805587,19,1,0.13901783532860978,0.019447837771805587
AMZN,2020-06-02,2020-06-30,28,ema9_break,6,6,0.3166115903256393,0.3166115903256393,61.573029371606125,66.96135508576944,2.978643301307692,3.3535180956092594,123.35,134.25,0.1205512768544792,0.0883664369679773,0.14756052141526999,0.12059590316573554,0.12983240223463688,0.19180633147113602,0.07210428305400374,7,1,0.19180633147113602,-0.07210428305400374
MSFT,2020-07-02,2020-07-14,12,ema9_break,4,4,0.4323169556058109,0.4323169556058109,67.16747412819961,60.26722837091172,5.008716298430914,5.3842707999752015,205.68,206.13,0.04200700116686118,0.0021878646441073624,0.0127104254596615,-0.019938873526415324,-0.013341095425217109,0.050502110318730864,-0.023431814874108503,14,8,0.050502110318730864,0.023431814874108503
ADBE,2020-07-02,2020-07-14,12,ema9_break,5,5,0.41762982934823695,0.41762982934823695,67.50296095401032,52.74829328823117,11.432345861079334,13.643518208523037,445.0,435.74,0.047640449438202115,-0.02080898876404491,0.019598843346949835,-0.007986413916555746,-0.0011704227291503555,0.06510763299215139,-0.021687244687198737,17,2,0.06510763299215139,0.021687244687198737
PEP,2020-07-02,2020-07-16,14,ema9_break,11,11,0.22902517120371962,0.22902517120371962,53.94670283124559,53.92217566032388,2.744337269143605,2.6233481536340855,133.54,134.06,0.014827018121911228,0.0038939643552493575,0.022527226614948548,0.027077428017305616,0.03013576010741459,0.03013576010741459,-0.007086379233179119,20,2,0.03013576010741459,0.007086379233179119
AMZN,2020-07-02,2020-07-16,14,ema9_break,2,2,0.6888850456828586,0.6888850456828586,74.1649948326254,61.070230876617494,3.6612987661120657,5.237328440990626,145.6,148.55,0.098901098901099,0.02026098901098905,0.005250757320767407,0.027196230225513318,0.06395153147088517,0.08549309996634125,-0.0030292830696736495,15,1,0.08549309996634125,0.0030292830696736495
NFLX,2020-07-02,2020-07-20,18,"atr_trail(stop=50.13),ema9_break",1,1,0.7107858181501738,0.7107858181501738,62.408594332141455,56.09579566474186,1.5956845383655116,2.347422323439284,48.56,48.91,0.12994233937397026,0.007207578253706659,0.013494172970762719,0.019423430791249308,-0.013698630136986245,0.04191371907585362,-0.045389490901656115,11,16,0.04191371907585362,0.045389490901656115
NVDA,2020-07-02,2020-07-24,22,ema9_break,8,8,0.3500091265749006,0.3500091265749006,62.2393049435699,56.84148646846367,0.31535591757850806,0.3695647224197362,9.64,9.88,0.09024896265560156,0.024896265560165887,0.07388663967611331,0.13360323886639658,0.283400809716599,0.283400809716599,0.03441295546558698,20,2,0.283400809716599,-0.03441295546558698
GOOGL,2020-07-02,2020-07-24,22,ema9_break,9,9,0.31056010904344655,0.31056010904344655,58.40050723095614,53.42563891566329,1.9109221637800446,1.943221423570104,72.59,74.96,0.07783441245350597,0.032649125223859876,-0.007470651013873897,-0.0005336179295623023,0.05096051227321241,0.051360725720384304,-0.01720917822838841,19,7,0.051360725720384304,0.01720917822838841
TSLA,2020-07-02,2020-07-24,22,ema9_break,3,3,0.6573115799222861,0.6573115799222861,76.62754897540358,56.28197863721165,3.38555148691783,7.065829730056955,81.43,94.4,0.34508166523394324,0.15927790740513315,0.01038135593220324,0.025953389830508433,0.4477754237288134,0.4477754237288134,-0.029343220338983178,20,12,0.4477754237288134,0.029343220338983178
COST,2020-07-02,2020-07-31,29,ema9_break,10,10,0.28459848854920594,0.28459848854920594,55.06694240280097,60.985642674637305,5.059970009911908,4.793999377550842,306.0,324.82,0.07287581699346402,0.06150326797385608,0.049535127147343205,0.03528107875130826,0.07250169324548983,0.07250169324548983,0.013853826734806951,20,1,0.07250169324548983,-0.013853826734806951
GOOGL,2020-08-04,2020-08-05,1,ema9_break,10,10,0.1832045248325431,0.1832045248325431,45.5685216742518,46.73903525289104,1.9565694148792627,1.883957313816458,74.34,73.84,0.0,-0.006725854183481261,0.020585048754062862,0.04591007583965334,0.16291982665222093,0.16291982665222093,0.00257313109425783,20,4,0.16291982665222093,-0.00257313109425783
PEP,2020-08-04,2020-08-06,2,ema9_break,7,7,0.280845844503419,0.280845844503419,59.285811731108026,52.21076072442576,2.325028348012665,2.2354581163986738,137.52,135.27,0.0,-0.0163612565445026,0.02092112072151986,0.010719302136467768,0.030309750868632968,0.0592888297479115,-0.001108893324462179,19,3,0.0592888297479115,0.001108893324462179
NFLX,2020-08-04,2020-08-10,6,ema9_break,8,8,0.20633435970604655,0.20633435970604655,59.08381788544572,47.23863993141045,1.7837750700352821,1.7351694547916932,49.87,49.34,0.021856827752155583,-0.010627631842791141,-0.02229428455614113,-0.00932306445074993,0.027563842723956178,0.12809079854073757,-0.05370895824888544,16,1,0.12809079854073757,0.05370895824888544
TSLA,2020-08-04,2020-08-10,6,ema9_break,9,9,0.19213265832058274,0.19213265832058274,57.32325516403634,50.845882493447974,6.338004708918361,5.712806968227232,99.67,96.53,0.0,-0.03150396307815795,0.2677923961462758,0.3910701336372113,0.14026727442245934,0.7208121827411169,-0.050761421319796995,15,1,0.7208121827411169,0.050761421319796995
MSFT,2020-08-04,2020-08-11,7,ema9_break,2,2,0.5882941441254307,0.5882941441254307,59.488526785141325,46.37728366619461,5.80914917256029,5.573610351578635,214.17,207.16,0.010178829901480224,-0.032731008077695245,0.020901718478470777,0.04494110832206988,0.019936281135354283,0.11821780266460702,-0.021722340220119762,16,19,0.11821780266460702,0.021722340220119762
ADBE,2020-08-04,2020-08-11,7,ema9_break,6,6,0.29392135971194744,0.29392135971194744,56.8096527333024,47.66472320886021,11.924610651568301,12.574400161861043,448.26,440.26,0.035358943470307436,-0.017846785347789274,0.05280970335710711,0.10032707945305042,0.08903829555262788,0.21246536137736793,0.011584063962204239,16,1,0.21246536137736793,-0.011584063962204239
NVDA,2020-08-04,2020-08-12,8,ema9_break,3,3,0.5193543106363361,0.5193543106363361,70.4083043028543,66.59764307169743,0.3523196065786323,0.3742833460003648,11.05,10.99,0.02624434389140262,-0.005429864253393757,0.10464058234758866,0.16196542311191986,0.12010919017288457,0.30573248407643305,0.04094631483166511,15,1,0.30573248407643305,-0.04094631483166511
AMZN,2020-08-04,2020-08-12,8,ema9_break,11,11,0.15645260554275658,0.15645260554275658,59.94215936410966,57.60247502450868,5.301506545431237,4.954821345836769,155.06,155.4,0.03992003095575902,0.0021926996001548904,0.04903474903474914,0.10740025740025727,0.021621621621621623,0.13622908622908625,0.01287001287001277,15,2,0.13622908622908625,-0.01287001287001277
COST,2020-08-04,2020-08-12,8,"atr_trail(stop=332.63),ema9_break",4,4,0.35528336330747917,0.35528336330747917,76.070326910657,61.658082876190605,5.282938238806589,5.421000109105769,329.56,333.75,0.04172229639519354,0.012713921592426347,0.021423220973782797,0.0315205992509362,0.017318352059924935,0.07523595505617986,0.005842696629213551,15,1,0.07523595505617986,-0.005842696629213551
NVDA,2020-09-02,2020-09-04,2,"atr_trail(stop=13.66),ema9_break",2,2,0.5794698694287743,0.5794698694287743,85.05150909296657,54.652320497131335,0.44859566930653566,0.5900136128204312,14.7,12.78,0.0,-0.1306122448979592,0.007042253521126751,-0.020344287949921713,0.06729264475743357,0.06729264475743357,-0.068075117370892,20,1,0.06729264475743357,0.068075117370892
GOOGL,2020-09-02,2020-09-04,2,"atr_trail(stop=81.84),ema9_break",7,7,0.4448330397387822,0.4448330397387822,76.51844133696174,50.566508893814785,1.7465750496188013,2.2158733846202927,83.4,80.45,0.0296163069544364,-0.03537170263788969,-0.06227470478558117,-0.111124922311995,-0.07843380981976389,-0.038408949658172764,-0.12405220633934122,2,12,-0.038408949658172764,0.12405220633934122
PEP,2020-09-02,2020-09-04,2,ema9_break,11,11,0.31580546936532006,0.31580546936532006,70.82081496124292,52.7197786934874,2.2271741691374087,2.55373691114399,139.52,139.66,0.027021215596330084,0.001003440366972308,-0.021409136474294765,-0.06028927395102379,-0.01238722612057852,0.008162680796219401,-0.06200773306601748,18,12,0.008162680796219401,0.06200773306601748
AMZN,2020-09-02,2020-09-04,2,ema9_break,8,8,0.4033807631462818,0.4033807631462818,72.37057727711135,51.413895053050666,4.186223992978411,5.331999259251791,177.35,165.9,0.0,-0.06456160135325617,-0.06479807112718505,-0.10777576853526216,-0.03580470162748639,-0.014888487040385812,-0.10940325497287529,2,9,-0.014888487040385812,0.10940325497287529
MSFT,2020-09-02,2020-09-04,2,"atr_trail(stop=220.11),ema9_break",9,9,0.3926315441876298,0.3926315441876298,70.13983259691756,48.411750621063334,4.9323450708178305,6.300593453919457,227.97,215.1,0.016142474887046676,-0.05645479668377418,-0.04504881450488141,-0.05839144583914457,-0.021943282194328173,-0.012273361227336022,-0.06838679683867976,18,9,-0.012273361227336022,0.06838679683867976
ADBE,2020-09-02,2020-09-04,2,ema9_break,4,4,0.5022182663517151,0.5022182663517151,72.499256765359,53.77952794134554,14.506311284927557,18.017686771187535,536.25,504.65,0.0,-0.05892773892773895,-0.03713464777568598,-0.057485385911027476,-0.036024967799464847,-0.010185276924601139,-0.0842564153373625,18,1,-0.010185276924601139,0.0842564153373625
COST,2020-09-02,2020-09-04,2,ema9_break,6,6,0.455027334307765,0.455027334307765,80.17410465997317,57.24488708716699,4.975643458444008,6.4640497167195825,353.61,353.98,0.014846865190464076,0.0010463504991373718,-0.031244703090570147,-0.04070851460534497,0.012995084468048868,0.012995084468048868,-0.050906830894400956,20,9,0.012995084468048868,0.050906830894400956
NFLX,2020-09-02,2020-09-04,2,ema9_break,3,3,0.5154920531008234,0.5154920531008234,65.49054560864735,52.291926164782886,1.8411427358036299,2.1001179711776192,55.38,52.02,0.0,-0.06067172264355358,-0.08439061899269518,-0.06305267204921183,0.0009611687812378644,0.01403306420607442,-0.09650134563629376,18,9,0.01403306420607442,0.09650134563629376
TSLA,2020-09-02,2020-09-04,2,"atr_trail(stop=139.63),ema9_break",1,1,0.6841973040057706,0.6841973040057706,66.39358731753157,57.89927044705492,9.623938906439902,10.633906506062976,159.66,134.27,0.0,-0.15902542903670291,0.04170700826692486,0.11566247114023986,0.05675132196320831,0.11655619274595952,-0.18023385715349682,6,1,0.11655619274595952,0.18023385715349682
GOOGL,2020-10-02,2020-10-05,3,ema9_break,11,11,0.1653770108120966,0.1653770108120966,43.35506606211624,48.01761916379576,2.0562227624040603,2.0136354222323414,72.98,73.13,0.0,0.002055357632227972,0.06973882127717768,0.046082319157664475,0.11062491453575829,0.11650485436893221,-0.00793108163544376,14,1,0.11650485436893221,0.00793108163544376
AMZN,2020-10-02,2020-10-05,3,ema9_break,7,7,0.20022425099923552,0.20022425099923552,48.56162146632749,52.714086181471906,5.243221796111598,5.145848810675055,157.68,157.29,0.0,-0.002473363774733728,0.09447517324686894,0.019518087608875412,-0.04494882064975514,0.09466590374467554,-0.04494882064975514,6,20,0.09466590374467554,0.04494882064975514
MSFT,2020-10-02,2020-10-05,3,ema9_break,10,10,0.17809604457939995,0.17809604457939995,47.38303990373095,51.532047187150575,6.195506378287184,6.0543987798381,208.0,207.22,0.0,-0.003750000000000031,0.06842968825402962,0.03378052311552948,-0.02359810829070541,0.07547534021812563,-0.02359810829070541,6,20,0.07547534021812563,0.02359810829070541
ADBE,2020-10-02,2020-10-05,3,ema9_break,6,6,0.22723448426086168,0.22723448426086168,49.050386406372574,51.76741396348161,17.19386036104644,16.515727478114552,487.99,483.25,0.0,-0.009713313797413914,0.05719606828763579,0.024728401448525617,-0.07927573719606829,0.06427315054319704,-0.07927573719606829,6,20,0.06427315054319704,0.07927573719606829
TSLA,2020-10-02,2020-10-05,3,ema9_break,4,4,0.3784239184105847,0.3784239184105847,51.45292884813149,53.365725763102034,10.543311987411453,10.232361131167778,140.46,141.12,0.0,0.004698846646732147,0.044713718820861725,0.017644557823129237,-0.05399659863945583,0.08964002267573701,-0.08340419501133789,7,19,0.08964002267573701,0.08340419501133789
PEP,2020-10-02,2020-10-07,5,ema9_break,2,2,0.48907362363841367,0.48907362363841367,54.74798405962367,51.89435965434479,2.982762900589843,2.847809800508706,139.28,135.94,0.0,-0.023980470993681835,0.04840370751802281,0.02692364278358106,0.014123878181550698,0.05590701780197138,-0.019493894365161135,4,17,0.05590701780197138,0.019493894365161135
NVDA,2020-10-02,2020-10-19,17,ema9_break,5,5,0.3352413190304388,0.3352413190304388,54.548403660385986,52.195796743883314,0.5761941172614898,0.48120173516812836,13.23,13.9,0.07709750566893425,0.05064247921390774,-0.054676258992805704,-0.0949640287769784,-0.027338129496402908,0.04748201438848931,-0.09856115107913677,14,9,0.04748201438848931,0.09856115107913677
NFLX,2020-10-02,2020-10-19,17,ema9_break,3,3,0.4796105370009005,0.4796105370009005,52.47684644782739,54.937377922246625,1.9677693371822158,1.9585962129184218,51.64,53.71,0.07300542215336936,0.04008520526723469,-0.09104449823124183,-0.0986780860175015,-0.10798733941537897,-0.02178365295103335,-0.12399925525972821,1,15,-0.02178365295103335,0.12399925525972821
COST,2020-10-02,2020-10-26,24,ema9_break,1,1,0.49180983332731676,0.49180983332731676,60.609443805849246,56.552612882577115,6.856448915648022,6.462843648783363,354.73,366.68,0.07557860908296443,0.03368759338088112,-0.006245227446274759,-0.0045816515763063,0.040989418566597546,0.05176175411803219,-0.02470819242936617,9,4,0.05176175411803219,0.02470819242936617
AMZN,2020-11-03,2020-11-04,1,ema9_break,6,6,0.13167356826735765,0.13167356826735765,41.80589159507354,53.080967697318094,5.576568522817016,5.879670771187231,150.93,158.0,0.009872126151195815,0.04684290730802343,-0.007151898734177209,-0.017278481012658164,0.00848101265822776,0.05126582278481018,-0.039556962025316444,1,4,0.05126582278481018,0.039556962025316444
MSFT,2020-11-03,2020-11-04,1,ema9_break,7,7,0.11091137964021658,0.11091137964021658,45.13480462784193,55.97782524904622,5.632182769933922,6.079169714938641,203.89,214.02,0.012457697778213817,0.04968365295012034,0.011821325109802716,-0.01373703392206338,0.0010279413138958304,0.04532286702177357,-0.018269320624240692,2,13,0.04532286702177357,0.018269320624240692
ADBE,2020-11-03,2020-11-04,1,ema9_break,11,11,0.08952302458061227,0.08952302458061227,38.84565208480062,53.318489602554145,14.33684068563124,16.235637779514725,448.99,477.93,0.01120292211407814,0.06445577852513429,-0.021300190404452524,-0.0386249032285062,0.01328646454501703,0.03879229175820731,-0.054254807189337395,1,4,0.03879229175820731,0.054254807189337395
NFLX,2020-11-03,2020-11-04,1,ema9_break,5,5,0.14048922815768236,0.14048922815768236,44.362450797345275,48.21773188946281,1.9051631603586225,1.9155086489044357,48.49,49.54,0.004743246030109338,0.021653949267890216,-0.009285425918449719,-0.027452563584981826,0.004238998788857584,0.03895841744045225,-0.05026241421073885,2,3,0.03895841744045225,0.05026241421073885
AAPL,2020-11-03,2020-11-04,1,ema9_break,10,10,0.09519747889721876,0.09519747889721876,43.25763100757854,50.493817438739725,4.080122565346058,4.156542382107054,109.66,114.14,0.007112894400875369,0.04085354732810509,0.04687226213422102,0.03408095321534965,0.07709830033292442,0.07832486420185725,-0.0025407394427896524,19,13,0.07832486420185725,0.0025407394427896524
META,2020-11-03,2020-11-04,1,ema9_break,2,2,0.18460701465993548,0.18460701465993548,47.78696586713083,58.53597358345449,10.539844167425965,11.475569584038395,263.16,281.0,0.008131934944520358,0.0677914576683385,-0.016085409252668992,-0.03213523131672591,0.003024911032028621,0.04868327402135231,-0.04473309608540921,1,13,0.04868327402135231,0.04473309608540921
COST,2020-11-03,2020-11-10,7,"atr_trail(stop=368.42),ema9_break",3,3,0.18275702120564224,0.18275702120564224,56.16773013981167,48.54057095213944,7.085028380173814,8.787681513580425,368.94,363.88,0.04531902206320826,-0.013714967203339312,0.04957678355501827,0.05589754864240959,0.028608332417280558,0.07664614708145545,0.02484335495218204,13,1,0.07664614708145545,-0.02484335495218204
TSLA,2020-11-03,2020-11-10,7,ema9_break,8,8,0.10191877913996014,0.10191877913996014,51.75550347628475,46.780532096423755,6.950362439188774,7.0652363991449185,136.58,140.03,0.06919021818714288,0.025259920925464918,0.05120331357566221,0.32207384131971706,0.4389059487252731,0.5470256373634221,-0.028565307434121223,19,4,0.5470256373634221,0.028565307434121223
NVDA,2020-11-03,2020-11-11,8,"atr_trail(stop=13.36),ema9_break",9,9,0.09831953228696162,0.09831953228696162,47.853114638230245,50.49320470504653,0.49221562908783734,0.6041310989710171,12.71,13.05,0.1455546813532651,0.026750590086546122,0.029118773946360088,0.01379310344827589,-0.006130268199233679,0.04291187739463598,-0.00919540229885063,17,19,0.04291187739463598,0.00919540229885063
GOOGL,2020-11-03,2020-11-19,16,ema9_break,1,1,0.4352349654190495,0.4352349654190495,61.16949910137785,64.06093195969362,2.5876215119971264,2.207384480164016,81.54,86.66,0.08780966396860435,0.06279126808928126,0.031040849296099626,0.052273251788599095,-0.0040387722132471104,0.05296561273944156,-0.0040387722132471104,8,20,0.05296561273944156,0.0040387722132471104
PEP,2020-11-03,2020-11-24,21,ema9_break,4,4,0.16846731150757568,0.16846731150757568,48.6894437091929,61.308853449586856,2.684839795545965,2.528587769886688,136.62,143.19,0.0669008929878494,0.04808959156785231,0.009986730916963449,0.017459319784901117,0.008520148055031873,0.026119142398212336,0.005796494168587296,17,19,0.026119142398212336,-0.005796494168587296
COST,2020-12-02,2020-12-03,1,ema9_break,2,2,0.3676404698946592,0.3676404698946592,55.23630811854785,45.499940695392816,6.80494508298996,7.048877577062108,385.47,378.0,0.0,-0.01937893999533047,-0.013783068783068675,-0.020396825396825302,0.00568783068783052,0.00568783068783052,-0.04261904761904767,20,14,0.00568783068783052,0.04261904761904767
MSFT,2020-12-02,2020-12-04,2,ema9_break,8,8,0.2428806777617845,0.2428806777617845,52.61182162113721,50.995073646962524,4.750171689508211,4.434025589422896,214.88,214.22,0.002280342516753686,-0.0030714817572597974,-0.004481374288115014,0.02039958920735696,0.017178601437774388,0.050135374848286895,-0.017271963402109902,15,4,0.050135374848286895,0.017271963402109902
AMZN,2020-12-02,2020-12-07,5,ema9_break,10,10,0.2159010424237145,0.2159010424237145,53.52876913798203,49.300603606492345,4.203863571165376,3.7818616129192155,161.08,157.82,0.0,-0.020238390861683775,0.00019008997592195875,0.0157774680015208,-0.0057026992776580965,0.0524648333544544,-0.017424914459510887,15,3,0.0524648333544544,0.017424914459510887
NVDA,2020-12-02,2020-12-09,7,ema9_break,11,11,0.1886711416085559,0.1886711416085559,53.32140275400319,43.030128340452336,0.4570035676786993,0.41736913126622727,13.35,13.3,0.019475655430711614,-0.0037453183520598232,-0.004511278195488799,-0.021804511278195604,-0.0015037593984963404,0.007518796992481258,-0.051879699248120414,17,18,0.007518796992481258,0.051879699248120414
GOOGL,2020-12-02,2020-12-10,8,ema9_break,7,7,0.2817632489369286,0.2817632489369286,67.01010997096787,53.82455806747781,2.1519545564501064,2.0199701098001754,89.77,88.13,0.016486576807396736,-0.0182689094352233,-0.012481561329853563,-0.016112560989447466,-0.003630999659593681,0.019970498127765968,-0.024055372744808734,19,8,0.019970498127765968,0.024055372744808734
NFLX,2020-12-02,2020-12-10,8,ema9_break,6,6,0.3150367968587243,0.3150367968587243,55.74433560573176,52.308080608082825,1.487017263871002,1.5182958382040979,50.16,49.46,0.028309409888357395,-0.013955342902711276,0.07743631217145164,0.039223615042458526,0.00909826122118873,0.09320663162151233,0.00909826122118873,14,20,0.09320663162151233,-0.00909826122118873
PEP,2020-12-02,2020-12-11,9,ema9_break,3,3,0.3586033313227049,0.3586033313227049,59.458940791630226,57.46906281249827,2.3593014050033827,2.165068892880922,145.88,143.63,0.0,-0.015423635865094654,0.02297570145512773,0.022836454779642246,-0.015317134303418412,0.03251409872589295,-0.015317134303418412,13,20,0.03251409872589295,0.015317134303418412
ADBE,2020-12-02,2020-12-11,9,ema9_break,9,9,0.22021439851786354,0.22021439851786354,54.736164747645724,49.021664127822234,13.085473119021282,12.899212513464601,475.67,475.9752,0.041226060083671356,0.0006416212920721254,0.056672700594484704,0.04826890140494711,-0.009087028063647029,0.05923585934729392,-0.02030609998167965,7,16,0.05923585934729392,0.02030609998167965
TSLA,2020-12-02,2020-12-23,21,ema9_break,1,1,0.6647436129415629,0.6647436129415629,69.3723931011229,60.67574843314935,9.428542533778689,11.93976013893452,185.48,210.73,0.24902954496441665,0.13613327582488677,0.11621506192758502,0.39201822236985717,0.3932520286622694,0.3932520286622694,0.04678973093532024,20,1,0.3932520286622694,-0.04678973093532024
GOOGL,2021-01-05,2021-01-06,1,ema9_break,10,10,0.160230921996929,0.160230921996929,48.92340344218552,45.447389168871375,1.786786271335331,1.8298729662399504,86.25,85.01,0.008695652173912993,-0.014376811594202787,0.027643806610986976,0.10822256205152314,0.20785789907069763,0.21091636278084924,0.016115751088107144,19,7,0.21091636278084924,-0.016115751088107144
PEP,2021-01-05,2021-01-06,1,ema9_break,4,4,0.27993598683663334,0.27993598683663334,48.888794928672986,43.04593667848035,2.248013675424369,2.3095841271797704,144.07,141.67,0.004372874297216667,-0.01665856875130145,0.006493964847886113,-0.01454083433330966,-0.014046728312274825,0.017717230182819454,-0.035999152961106784,2,16,0.017717230182819454,0.035999152961106784
AMZN,2021-01-05,2021-01-06,1,ema9_break,9,9,0.1743908246435567,0.1743908246435567,51.61854526333256,44.108546909027446,3.471492529261775,3.5356716343145056,158.3,157.32,0.01661402400505363,-0.006190777005685488,0.00616577676074237,0.05104246122552758,0.05867022629036378,0.0742435799644039,-0.013412153572336494,18,7,0.0742435799644039,0.013412153572336494
MSFT,2021-01-05,2021-01-06,1,ema9_break,7,7,0.22272982519791096,0.22272982519791096,49.19455257815593,40.3712129153341,4.136662500588301,4.266900893403423,217.26,212.17,0.002945779250667524,-0.023428150602964215,0.019654050996842143,0.060328981477117516,0.14064193806852998,0.1453080077296509,0.0022623368053920068,19,7,0.1453080077296509,-0.0022623368053920068
ADBE,2021-01-05,2021-01-06,1,ema9_break,8,8,0.19304803322323874,0.19304803322323874,47.46175128649138,37.3337243986155,10.898666644625015,11.5266190271518,485.88,474.0984,0.0,-0.0242479624598666,-0.004320622048081146,-0.004383900051128764,0.03223297104567324,0.03223297104567324,-0.0371197202943524,20,8,0.03223297104567324,0.0371197202943524
NFLX,2021-01-05,2021-01-06,1,ema9_break,6,6,0.25412452803847563,0.25412452803847563,52.38946686541503,43.75549416410276,1.4797802888327551,1.5262245539161294,52.16,51.2,0.0,-0.018404907975460016,-0.008203124999999978,0.1324218749999999,0.07851562499999987,0.1451171874999999,-0.03457031250000009,9,4,0.1451171874999999,0.03457031250000009
NVDA,2021-01-05,2021-01-07,2,"atr_trail(stop=12.64),ema9_break",3,3,0.3648925912461867,0.3648925912461867,55.036475010279496,52.723759628445535,0.34549568308136946,0.40662637979975236,13.1,12.97,0.022900763358778775,-0.009923664122137299,0.017733230531996824,0.057054741711642265,0.04780262143407854,0.06939090208172694,-0.008481110254433433,9,6,0.06939090208172694,0.008481110254433433
COST,2021-01-05,2021-01-07,2,ema9_break,2,2,0.4036096557408846,0.4036096557408846,53.367928380949664,43.93358749763886,5.349848651428036,5.367930724955806,378.86,371.01,0.0,-0.020720054901546825,-0.023341688903263935,-0.023476456160211212,-0.04269426700088941,-0.0028840192986712143,-0.055227621896983936,1,16,-0.0028840192986712143,0.055227621896983936
TSLA,2021-01-05,2021-01-29,24,ema9_break,1,1,0.5595550772198183,0.5595550772198183,72.47619923670766,51.81038036763128,10.616208905586282,12.946723939693907,241.22,276.67,0.22029682447558252,0.14696128015919085,0.02678280984566439,-0.016734738135685046,-0.13442006722810573,0.05154154769219654,-0.18614233563451055,2,19,0.05154154769219654,0.18614233563451055
PEP,2021-02-02,2021-02-03,1,ema9_break,10,10,0.09025141463717293,0.09025141463717293,42.021576294403815,41.162172386260195,2.498357030217086,2.4541886709158653,137.45,137.75,0.006766096762459206,0.00218261185885793,-0.00036297640653371044,-0.017277676950998133,-0.06475499092558978,0.023303085299455573,-0.06475499092558978,2,20,0.023303085299455573,0.06475499092558978
COST,2021-02-02,2021-02-03,1,ema9_break,11,11,0.0546931479875866,0.0546931479875866,41.36295676544309,41.00780660062372,5.984495565118346,5.865603024752749,351.76,356.23,0.010859677052535766,0.012707527859904477,-0.0003087892653622637,0.0019369508463633611,-0.10439884344384243,0.010105830502765034,-0.10439884344384243,3,20,0.010105830502765034,0.10439884344384243
NFLX,2021-02-02,2021-02-04,2,ema9_break,5,5,0.2026852273122055,0.2026852273122055,55.3298535128473,56.020442198108995,2.0542274469260815,2.009971625155652,54.2,53.98,0.011439114391143868,-0.00405904059040596,0.032975175991107886,0.0007410151908116003,-0.043349388662467514,0.044090403853279,-0.05279733234531303,4,19,0.044090403853279,0.05279733234531303
AMZN,2021-02-02,2021-02-10,8,ema9_break,4,4,0.37208560839270866,0.37208560839270866,62.5714560705959,52.3238494204202,4.026762863773075,3.8361898238783474,169.0,165.7,0.0,-0.019526627218934944,0.004284852142426132,-0.07748943874471925,-0.06047073023536498,0.004284852142426132,-0.1092335546167773,5,17,0.004284852142426132,0.1092335546167773
TSLA,2021-02-02,2021-02-10,8,ema9_break,3,3,0.3907578797579647,0.3907578797579647,62.5583310400732,48.79184518430557,13.203654825552402,11.956473379617249,281.56,281.21,0.03327887484017622,-0.0012430743003268852,-0.06667614949681733,-0.19131609828953444,-0.17072650332491734,-0.032609082180576676,-0.3326339746097222,2,17,-0.032609082180576676,0.3326339746097222
ADBE,2021-02-02,2021-02-18,16,ema9_break,8,8,0.15024596324068806,0.15024596324068806,55.617121640553876,52.37279085012517,12.519786550874723,10.73141973867125,473.65,486.32,0.0590942679193498,0.02674970970125634,-0.05584800131600587,-0.0971788123046553,-0.09693206119427533,-0.01480506662279979,-0.1339036025662116,1,12,-0.01480506662279979,0.1339036025662116
MSFT,2021-02-02,2021-02-22,20,ema9_break,1,1,0.46815715029603877,0.46815715029603877,67.39417347130603,47.82709475330483,5.686038621779671,4.670722136272169,241.3,237.42,0.015292167426440129,-0.01607956900124341,-0.0020217336365933036,-0.04224580911464915,-0.006023081459017643,0.0012214640721086578,-0.04502569286496505,16,8,0.0012214640721086578,0.04502569286496505
NVDA,2021-02-02,2021-02-23,21,"atr_trail(stop=14.40),ema9_break",7,7,0.1634040082964241,0.1634040082964241,54.50044640041225,50.34706710229081,0.41887376373504503,0.5018395942230296,13.4,14.08,0.14402985074626873,0.05074626865671639,-0.04758522727272729,-0.11079545454545459,-0.07173295454545447,0.029829545454545414,-0.17684659090909094,1,9,0.029829545454545414,0.17684659090909094
GOOGL,2021-02-02,2021-02-23,21,ema9_break,2,2,0.4069976781895244,0.4069976781895244,63.418813037876255,62.12162230160499,2.7454002806204634,2.5381433072602824,95.66,100.7,0.10735939786744741,0.0526865983692244,0.025024826216484497,0.013108242303872863,0.013604766633565024,0.042999006951340624,-0.0031777557100298726,12,9,0.042999006951340624,0.0031777557100298726
NVDA,2021-03-02,2021-03-03,1,ema9_break,2,2,0.2214154179679628,0.2214154179679628,43.52812137140968,38.35472159914752,0.5550870888206016,0.561866582476273,13.9,13.43,0.0,-0.033812949640287804,-0.07148175725986594,-0.006701414743112477,-0.005956813104988856,-0.005956813104988856,-0.13700670141474314,20,3,-0.005956813104988856,0.13700670141474314
PEP,2021-03-02,2021-03-03,1,ema9_break,11,11,0.07190186049322814,0.07190186049322814,36.01087760765544,31.945308436465808,2.3241238825145896,2.307400748049262,130.5,129.8,0.004367816091954024,-0.005363984674329414,0.0291217257318952,0.029429892141756397,0.08975346687211072,0.11563944530046211,-0.007473035439137132,18,1,0.11563944530046211,0.007473035439137132
AMZN,2021-03-02,2021-03-03,1,ema9_break,10,10,0.14147985329291504,0.14147985329291504,39.37050719374721,33.90637081446533,3.853507058616317,3.9811136972865793,157.17,154.06,0.0,-0.019787491251511025,-0.007659353498636889,0.017720368687524246,0.004154225626379349,0.018304556666233873,-0.04193171491626646,14,3,0.018304556666233873,0.04193171491626646
MSFT,2021-03-02,2021-03-03,1,ema9_break,6,6,0.17030914338896178,0.17030914338896178,48.42948781353472,40.942649374061844,5.013498449819187,5.127534274832103,237.01,232.16,0.0,-0.020463271591915966,0.0011199172984148742,0.021019986216402442,0.015549620951068377,0.023905926946933276,-0.023389042039972496,9,1,0.023905926946933276,0.023389042039972496
COST,2021-03-02,2021-03-03,1,ema9_break,5,5,0.17880396172031673,0.17880396172031673,23.44643833640032,21.034607104373023,5.612585667274146,5.547400976754563,333.69,328.17,0.0,-0.0165422997392789,-0.013224852972544832,0.003108145168662535,0.07407745985312486,0.08526068805801867,-0.051040619191272785,18,3,0.08526068805801867,0.051040619191272785
ADBE,2021-03-02,2021-03-03,1,ema9_break,8,8,0.1478163054132064,0.1478163054132064,43.45727286946749,35.57344939229492,12.32539198310489,12.766435412883112,473.03,463.22,0.0,-0.02073864236940559,-0.056582185570571264,-0.02635896550235317,0.026229437416346313,0.026229437416346313,-0.09071283623332338,20,3,0.026229437416346313,0.09071283623332338
TSLA,2021-03-02,2021-03-03,1,ema9_break,9,9,0.14596956530716362,0.14596956530716362,38.14591770585344,34.62336824338222,14.231919669519584,14.381782550268184,239.43,229.33,0.0,-0.042183519191412944,-0.028953909213796813,0.02010203636680763,-0.029171935638599544,0.028997514498757093,-0.1816596171455982,8,3,0.028997514498757093,0.1816596171455982
AAPL,2021-03-02,2021-03-03,1,ema9_break,7,7,0.16521161311503232,0.16521161311503232,41.28885309947272,37.06365873299344,4.015826765976411,4.005410568406666,128.41,124.81,0.0,-0.028035199750798157,-0.03869882220975884,-0.0004006089255668144,-0.021312394840157012,0.006089255668616289,-0.06770290842079962,9,3,0.006089255668616289,0.06770290842079962
META,2021-03-02,2021-03-03,1,ema9_break,3,3,0.2111352446839551,0.2111352446839551,44.13949970911181,41.39775917050272,8.26192141549437,8.092498457244774,265.78,260.29,0.0,-0.020656181804499796,0.01771101463751945,0.0911291252065003,0.13154558377194658,0.13154558377194658,-0.0191325060509433,20,3,0.13154558377194658,0.0191325060509433
GOOGL,2021-03-02,2021-03-04,2,ema9_break,1,1,0.3425002038179328,0.3425002038179328,58.75285658375392,53.44084092254697,2.622389746427442,2.780223811970601,103.24,100.74,0.0,-0.024215420379697816,0.042584871947587866,0.003275759380583665,0.057077625570776336,0.057077625570776336,-0.003573555687909513,20,2,0.057077625570776336,0.003573555687909513
NFLX,2021-03-02,2021-03-04,2,ema9_break,4,4,0.1851649593057178,0.1851649593057178,51.72964190176762,38.197910797803345,1.632714892810624,1.7781062085969155,55.33,52.15,0.0,-0.05747334176757635,0.00306807286673072,-0.032023010546500474,0.0343240651965484,0.0343240651965484,-0.05407478427612655,20,2,0.0343240651965484,0.05407478427612655
PEP,2021-04-05,2021-04-15,10,ema9_break,7,7,0.2950415528586647,0.2950415528586647,65.07630348271292,59.37199011421329,2.433452301492038,2.100149202634556,141.85,141.67,0.01283045470567501,-0.0012689460697921096,0.03105809275075888,0.016023152396414275,0.03317568998376519,0.03748147102421129,0.0011293851909368602,4,9,0.03748147102421129,-0.0011293851909368602
NFLX,2021-04-05,2021-04-15,10,ema9_break,6,6,0.32398306049599546,0.32398306049599546,57.02086934503839,57.05165814206749,1.648129412680475,1.4180939263972632,54.0,54.42,0.02833333333333332,0.007777777777777883,-0.06504961411245869,-0.06468210216832049,-0.10565968393972802,0.018743109151047266,-0.1087835354649026,2,19,0.018743109151047266,0.1087835354649026
TSLA,2021-04-05,2021-04-20,15,ema9_break,10,10,0.1864341674431598,0.1864341674431598,52.64102869271072,54.06491775696393,14.142645885223507,12.1592198725038,235.9,239.14,0.07719372615515052,0.013734633319202993,-0.01768838337375589,-0.06109391987956836,-0.19453040060215765,0.03721669315045584,-0.20314460148866764,1,17,0.03721669315045584,0.20314460148866764
AMZN,2021-04-05,2021-04-21,16,ema9_break,9,9,0.26136971263715403,0.26136971263715403,60.29059997303863,61.175282306213596,3.737953569656018,3.3564327733263783,158.65,165.8,0.07154112826977621,0.04506775921840522,0.04300361881785286,-0.01369119420989151,-0.02539203860072381,0.046863691194209744,-0.049457177322074886,6,15,0.046863691194209744,0.049457177322074886
NVDA,2021-04-05,2021-04-23,18,"atr_trail(stop=15.09),ema9_break",3,3,0.3674748876331364,0.3674748876331364,59.75838777398874,58.51009864503673,0.495696267753748,0.5232377604208408,13.87,14.93,0.16366258111031007,0.07642393655371316,0.005358338914936311,-0.008037508372404467,0.004018754186202234,0.036838580040187585,-0.0843938379102478,1,14,0.036838580040187585,0.0843938379102478
GOOGL,2021-04-05,2021-04-23,18,ema9_break,2,2,0.429712842793789,0.429712842793789,71.7017397045831,68.33223035488268,2.684766344359925,2.1893720586467236,107.36,113.35,0.06641207153502227,0.055793591654247354,0.038200264666960804,0.037494486104984626,0.011998235553595027,0.055491839435377166,-0.029466254962505434,4,13,0.055491839435377166,0.029466254962505434
ADBE,2021-04-05,2021-04-23,18,ema9_break,5,5,0.3397401459234942,0.3397401459234942,64.93046040457443,64.00427445895929,13.60913618014787,10.723475751659308,483.69,508.79,0.08557133701337638,0.05189274121854903,-0.0008844513453488689,-0.039426875528214,-0.04072407083472562,0.01676526661294453,-0.07213192083177744,2,13,0.01676526661294453,0.07213192083177744
COST,2021-04-05,2021-04-27,22,ema9_break,4,4,0.34465467997353416,0.34465467997353416,66.24612108590017,62.619149565634146,7.2015380656576,5.469560583002403,357.5,368.17,0.04640559440559433,0.029846153846153856,0.01933889235950792,0.027188527039139432,0.046744710324035044,0.046744710324035044,0.003856913925632144,20,1,0.046744710324035044,-0.003856913925632144
MSFT,2021-04-05,2021-04-29,24,ema9_break,8,8,0.29053414319019943,0.29053414319019943,64.58455887233103,51.03617149020396,5.573847879941562,4.760331143125212,242.76,255.46,0.07913165266106459,0.052315043664524774,-0.022430126047130683,-0.048657324042903016,-0.024074219055820856,-0.011743521490644282,-0.06443278791200191,6,9,-0.011743521490644282,0.06443278791200191
NVDA,2021-05-04,2021-05-05,1,ema9_break,8,8,0.1661483198320423,0.1661483198320423,45.46235486841208,46.952572127658165,0.49285941253607374,0.49051231164063996,14.64,14.71,0.0,0.004781420765027411,-0.06458191706322236,-0.04350781781101298,0.15363698164513928,0.15363698164513928,-0.070700203942896,20,6,0.15363698164513928,0.070700203942896
GOOGL,2021-05-04,2021-05-05,1,ema9_break,4,4,0.28657276431144835,0.28657276431144835,58.201473225199436,59.16700296088824,2.5503489995107165,2.468895499545665,115.68,116.43,0.0,0.006483402489626533,-0.0551404277248132,-0.02447822726101523,0.008159409087004965,0.02258867989349822,-0.0551404277248132,18,5,0.02258867989349822,0.0551404277248132
PEP,2021-05-04,2021-05-05,1,ema9_break,2,2,0.3835576821048673,0.3835576821048673,54.1087863835564,53.85029398274774,2.184319888850734,2.104725611075681,145.98,143.72,0.0,-0.015481572818194178,0.0035485666573893404,0.011898135263011422,0.02748399666017254,0.03186752017812422,0.0035485666573893404,14,5,0.03186752017812422,-0.0035485666573893404
AMZN,2021-05-04,2021-05-05,1,ema9_break,5,5,0.2657595917136905,0.2657595917136905,48.78947431036759,45.20161145329632,3.8673570652027136,3.9139744176882347,167.81,166.94,0.0,-0.005184434777426916,-0.055948244878399445,-0.03204744219480049,-0.04546543668383851,-0.009704085300107801,-0.055948244878399445,1,5,-0.009704085300107801,0.055948244878399445
MSFT,2021-05-04,2021-05-05,1,ema9_break,9,9,0.1161236329283185,0.1161236329283185,44.34279765310949,42.634072343618286,4.675666006357908,4.604547005903772,250.97,249.06,0.0,-0.007610471371080174,-0.04039187344414996,-0.023849674777162155,-0.013450574158837214,0.013651328997028811,-0.04039187344414996,2,5,0.013651328997028811,0.04039187344414996
ADBE,2021-05-04,2021-05-05,1,ema9_break,11,11,0.09824053163124519,0.09824053163124519,43.47918687140855,41.1555254733036,10.677705167295098,10.92822622677402,499.47,495.69,0.0,-0.007568022103429661,-0.04761040166232933,-0.030704674292400425,-0.005144344247412724,0.022776331981682052,-0.04761040166232933,15,5,0.022776331981682052,0.04761040166232933
NFLX,2021-05-04,2021-05-05,1,ema9_break,6,6,0.1807133054339395,0.1807133054339395,38.71787223887995,35.75445951337599,1.3491123813899493,1.3470329255763815,51.08,50.5,0.0,-0.011354737666405601,-0.03960396039603964,-0.03425742574257418,-0.03089108910891092,-0.00217821782178218,-0.03960396039603964,16,5,-0.00217821782178218,0.03960396039603964
TSLA,2021-05-04,2021-05-05,1,ema9_break,10,10,0.11381534115210876,0.11381534115210876,44.73535239218823,44.28168089994608,11.232755299438905,10.857558492336127,226.31,227.02,0.0,0.0031372895585701777,-0.1338648577217867,-0.17267201127653953,-0.15888467976389753,-0.01277420491586645,-0.17267201127653953,2,10,-0.01277420491586645,0.17267201127653953
COST,2021-05-04,2021-05-06,2,ema9_break,1,1,0.5302128971176692,0.5302128971176692,62.83854353057637,67.1346670367689,5.324202187973601,5.699286580446623,379.03,373.19,0.0,-0.015407751365327238,0.016988665291138405,0.027841046115919532,0.03839867091829885,0.03839867091829885,-0.002652804201613179,20,4,0.03839867091829885,0.002652804201613179
AMZN,2021-06-02,2021-06-03,1,ema9_break,10,10,0.056682620133630346,0.056682620133630346,47.436413165171906,42.298014700781316,2.948960218337297,2.9168916313132045,161.15,160.21,0.0034129692832762792,-0.005833074775054237,0.04537794145184426,0.08894575869171706,0.07140627925847332,0.09400162286998315,-0.0019349603645215652,13,2,0.09400162286998315,0.0019349603645215652
MSFT,2021-06-02,2021-06-03,1,ema9_break,9,9,0.06481021866273923,0.06481021866273923,48.06134559520816,45.60659513487373,4.205625946556101,4.212366950373523,248.13,245.22,0.0,-0.011727723370813625,0.049017209036783305,0.06394258217111148,0.10757686974961267,0.10757686974961267,0.02271429736563091,20,1,0.10757686974961267,-0.02271429736563091
COST,2021-06-02,2021-06-03,1,ema9_break,6,6,0.16744591699557745,0.16744591699557745,53.396463869700376,56.85407219227032,5.62124026355594,5.600437387587657,378.38,379.64,0.005840689254188902,0.003329985728632634,0.008876830681698422,0.013460120113792051,0.039221367611421254,0.050442524496891794,-0.0006058371088398795,18,9,0.050442524496891794,0.0006058371088398795
ADBE,2021-06-02,2021-06-03,1,ema9_break,7,7,0.14506265688336148,0.14506265688336148,51.191421385870065,49.44709867349539,10.84601726319893,10.743801744399008,495.18,492.4,0.001191485924310287,-0.005614120117936938,0.08757108042242079,0.11974004874086108,0.18751015434606022,0.1997359870024371,0.024573517465475314,18,1,0.1997359870024371,-0.024573517465475314
NFLX,2021-06-02,2021-06-03,1,ema9_break,8,8,0.11715014285626547,0.11715014285626547,46.7542830008738,40.183064346467894,0.9971519159877832,1.0109267791315133,49.98,49.52,0.0,-0.009203681472588876,-0.015953150242326464,0.006260096930533088,0.07734248788368325,0.07734248788368325,-0.018982229402261797,18,4,0.07734248788368325,0.018982229402261797
TSLA,2021-06-02,2021-06-03,1,ema9_break,5,5,0.1680505945765735,0.1680505945765735,43.59471022291453,37.189835705845304,8.987975268318829,9.153119892010343,206.71,200.6,0.0,-0.02955831841710621,0.013808574277168528,0.02457627118644079,0.1264705882352941,0.1444167497507478,-0.0050348953140577635,17,4,0.1444167497507478,0.0050348953140577635
GOOGL,2021-06-02,2021-06-04,2,ema9_break,3,3,0.323871043286889,0.323871043286889,59.73016911088949,61.34796485232806,2.1396431561623537,2.1644372111808052,119.46,118.46,0.0,-0.008371002846141007,0.02574708762451472,0.013928752321458848,0.05740334290055715,0.05740334290055715,0.012324835387472532,20,2,0.05740334290055715,-0.012324835387472532
PEP,2021-06-02,2021-06-09,7,ema9_break,4,4,0.27350574006760586,0.27350574006760586,59.89086464917536,48.808440842696214,1.8783135167278004,1.8064901539656384,148.2,147.25,0.00013495276653174848,-0.0064102564102563875,-0.0010186757215620013,-0.016298811544991576,0.017724957555178333,0.017724957555178333,-0.016298811544991576,20,10,0.017724957555178333,0.016298811544991576
TSLA,2021-07-02,2021-07-07,5,ema9_break,6,6,0.38528383332348404,0.38528383332348404,62.94058826860216,49.81868267411381,7.494804651536676,7.835469316886217,226.33,221.42,0.0,-0.021693986656651898,-0.016394183000632223,-0.013503748532201154,0.07022852497516041,0.07022852497516041,-0.03143347484418746,20,12,0.07022852497516041,0.03143347484418746
NVDA,2021-06-02,2021-07-09,37,ema9_break,1,1,0.6175897674729177,0.5428811830943182,71.68525335746197,68.14150924575077,0.5177349651385812,0.5088946536750808,16.25,19.96,0.27384615384615385,0.22830769230769232,-0.09018036072144286,-0.020040080160320772,0.020541082164328595,0.03406813627254501,-0.09018036072144286,19,5,0.03406813627254501,0.09018036072144286
AMZN,2021-07-02,2021-07-16,14,ema9_break,11,11,0.23534087806135165,0.23534087806135165,64.69191995912169,54.96635659883498,2.788522825678338,3.4946177776556846,172.58,181.67,0.08106385444431563,0.052671224939158545,0.006385203941212225,-0.08416359332856271,-0.09341113007100788,0.018274894038641687,-0.0939065338250673,6,18,0.018274894038641687,0.0939065338250673
NFLX,2021-07-02,2021-07-19,17,ema9_break,5,5,0.41978597441102933,0.41978597441102933,68.20995719884124,55.26889066495184,1.0149175541079503,1.1320778779069187,53.55,52.61,0.023342670401493848,-0.017553688141923374,-0.018247481467401627,-0.020718494582778857,-0.01558639042007226,0.009503896597605088,-0.02927200152062348,1,18,0.009503896597605088,0.02927200152062348
GOOGL,2021-07-02,2021-07-20,18,"atr_trail(stop=124.61),ema9_break",9,9,0.26832564186703745,0.26832564186703745,70.0324544959695,58.999603710391774,1.6590454829704728,1.8786961961624495,123.15,125.53,0.04133170929760466,0.019326025172553774,0.05074484187046924,0.08045885445710188,0.08866406436708352,0.10180833266948142,0.01609177089142033,19,1,0.10180833266948142,-0.01609177089142033
MSFT,2021-07-02,2021-07-20,18,ema9_break,4,4,0.4611764448413647,0.4611764448413647,77.02400101352131,64.84991770267062,3.75454399722137,4.057071157813043,272.82,278.03,0.03551792390587205,0.01909684040759463,0.0306082077473655,0.03269431356328467,0.054130849188936514,0.059597885120310945,0.01212099413732326,19,1,0.059597885120310945,-0.01212099413732326
ADBE,2021-07-02,2021-07-20,18,ema9_break,3,3,0.4705388397995286,0.4705388397995286,76.18557075751316,72.0846025406616,10.29018340496491,10.326329536207195,588.67,605.39,0.03424669169483763,0.028403010175480414,0.02129205966401826,0.026247542906225663,0.04892713787806202,0.052726341697087786,0.0113480566246551,18,1,0.052726341697087786,-0.0113480566246551
AMZN,2021-08-03,2021-08-04,1,ema9_break,11,11,0.0682857354887909,0.0682857354887909,36.74831704236388,36.07111444945271,4.080156582649969,3.9430025410321137,167.04,168.97,0.0076029693486590055,0.011554118773946298,-0.02580339705273116,-0.05273125406876955,0.029472687459312308,0.029472687459312308,-0.05669645499201048,20,11,0.029472687459312308,0.05669645499201048
NFLX,2021-08-03,2021-08-04,1,ema9_break,10,10,0.11747862664571941,0.11747862664571941,41.62290995633871,47.74052864354066,1.1039230722837443,1.079357138549191,51.44,51.3,0.0,-0.0027216174183515296,-0.0011695906432747094,0.01734892787524367,0.13469785575048743,0.13469785575048743,-0.0044834307992202005,20,6,0.13469785575048743,0.0044834307992202005
PEP,2021-07-02,2021-08-05,34,"atr_trail(stop=154.41),ema9_break",10,4,0.25226962342027437,0.33294047727683285,58.75671756980941,52.74427162468681,1.6402985364571883,1.7322585792169052,148.9,154.98,0.0607118871725989,0.04083277367360627,0.0005807200929153211,0.025358110723964433,0.012711317589366278,0.025358110723964433,-0.004194089559943048,10,1,0.025358110723964433,0.004194089559943048
NVDA,2021-08-03,2021-08-11,8,ema9_break,6,6,0.24018811617986024,0.24018811617986024,57.496179971582364,51.50086727220046,0.6505398981463206,0.5975736533076869,19.74,20.04,0.0455927051671734,0.015197568389057725,-0.04990019960079839,0.10828343313373257,0.10678642714570863,0.13972055888223567,-0.04990019960079839,17,5,0.13972055888223567,0.04990019960079839
MSFT,2021-08-03,2021-08-11,8,ema9_break,7,7,0.21900362104542193,0.21900362104542193,66.58135927889603,61.161255032120486,3.999098249909208,3.703683003115466,285.42,287.21,0.01436479573961158,0.006271459603391261,0.012255840674071372,0.05153023919779964,0.03495700010445324,0.06072211970335295,0.009052609588802607,8,1,0.06072211970335295,-0.009052609588802607
ADBE,2021-08-03,2021-08-11,8,ema9_break,5,5,0.33046640598697075,0.33046640598697075,69.27272176099206,64.29713416381566,10.086522225020486,9.581106949356373,620.23,623.76,0.019105815584541164,0.005691437047546932,0.004825573938694427,0.05296909067590083,0.06079261254328583,0.06866422983198683,0.004825573938694427,17,5,0.06866422983198683,-0.004825573938694427
TSLA,2021-08-03,2021-08-17,14,ema9_break,1,1,0.5592263936314033,0.5592263936314033,66.37922207465203,44.203322987048374,8.352169255921078,7.868887154432755,239.67,224.22,0.0045061960195269535,-0.06446363750156459,0.053251271073053275,0.09374721255909368,0.12362857907412361,0.12362857907412361,0.0012041744715012292,20,2,0.12362857907412361,-0.0012041744715012292
GOOGL,2021-08-03,2021-08-18,15,ema9_break,3,3,0.4560541913340299,0.4560541913340299,70.04619204780424,58.09947936529145,2.277102344435977,1.974587361894645,135.14,136.5,0.023457155542400576,0.010063637709042617,0.040879120879121045,0.06388278388278379,0.05208791208791208,0.06388278388278379,-0.006007326007326008,10,1,0.06388278388278379,0.006007326007326008
COST,2021-07-02,2021-08-27,56,ema9_break,8,2,0.2945629773992256,0.52196539192364,64.91026519086736,63.507819956349856,4.988106406376117,5.795276725588955,396.21,449.31,0.15845132631685233,0.13401983796471573,0.029467405577440875,0.023035320825265382,0.025038392201375492,0.0410407068616323,0.0040729117980904395,19,15,0.0410407068616323,-0.0040729117980904395
PEP,2021-09-02,2021-09-08,6,ema9_break,6,6,0.4234447188259448,0.4234447188259448,55.075354653959295,53.2003786166043,1.6421095233760847,1.809553433985879,156.79,154.66,0.001913387333375871,-0.01358505006696853,0.008793482477693182,-0.004202767360662163,0.0019397387818440581,0.008793482477693182,-0.028837449890081523,5,18,0.008793482477693182,0.028837449890081523
MSFT,2021-09-02,2021-09-08,6,ema9_break,11,11,0.28909378483172454,0.28909378483172454,63.148857811684685,60.71994724650035,4.106205384370614,3.8510616725445486,302.2,299.78,0.0,-0.008007941760423631,0.016812329041296925,-0.00400293548602304,-0.022249649743144806,0.01814664086997153,-0.059577023150310104,6,16,0.01814664086997153,0.059577023150310104
NVDA,2021-09-02,2021-09-10,8,ema9_break,3,3,0.440148743699202,0.440148743699202,66.35216325080054,62.58616406967928,0.6307047602294297,0.6003163349717856,22.52,22.35,0.014209591474245054,-0.007548845470692678,-0.020134228187919545,-0.012080536912751794,-0.06800894854586148,0.005816554809843444,-0.1172259507829978,9,16,0.005816554809843444,0.1172259507829978
GOOGL,2021-09-02,2021-09-13,11,"atr_trail(stop=141.34),ema9_break",4,4,0.4385540141942404,0.4385540141942404,67.25289378482529,58.26924740346006,1.9475444781155957,1.9472089906826455,145.22,141.95,0.0,-0.022517559564798284,-0.022754491017964007,-0.006199365973934445,-0.021415991546319124,0.017470940471997265,-0.05840084536808732,2,15,0.017470940471997265,0.05840084536808732
ADBE,2021-09-02,2021-09-13,11,ema9_break,5,5,0.4352434559972944,0.4352434559972944,71.39050408135876,48.24283958879206,9.724016988726445,10.599706707337313,669.82,663.04,0.0,-0.010122122361231556,-0.032803450772200815,-0.08957227316602312,-0.13569317084942067,0.003121983590733679,-0.1576827944015443,3,15,0.003121983590733679,0.1576827944015443
TSLA,2021-09-02,2021-09-13,11,ema9_break,10,10,0.31011733985327783,0.31011733985327783,61.52185374182276,60.35152318241509,6.489963329495347,6.936484383430546,244.83,246.74,0.02773352938773832,0.007801331536168021,-0.01357704466239773,0.06910107805787469,0.06987111939693613,0.07214071492259055,-0.01357704466239773,18,5,0.07214071492259055,0.01357704466239773
AMZN,2021-09-02,2021-09-14,12,ema9_break,7,7,0.3981580445549305,0.3981580445549305,60.13434624935468,54.37519367807983,3.022058491932559,2.8759988233198714,174.74,173.78,0.008755865857845935,-0.005493876616687654,-0.037979053976291866,-0.045920128898607415,-0.06565772816204396,0.003625273334100454,-0.08223040626078948,2,14,0.003625273334100454,0.08223040626078948
COST,2021-09-02,2021-09-14,12,ema9_break,9,9,0.36210299071901186,0.36210299071901186,71.71384868131963,59.275368607145246,5.611268965002762,5.823704323328899,459.42,460.95,0.014191807061076922,0.003330286012798611,-0.019177785009220072,-0.029504284629569333,-0.030545612322377624,0.014752142314784722,-0.04514589434862781,8,14,0.014752142314784722,0.04514589434862781
NFLX,2021-09-02,2021-09-15,13,"atr_trail(stop=58.03),ema9_break",1,1,0.8492666043127162,0.8492666043127162,81.17098664268921,60.91254168589093,1.150995731392406,1.2917388783757522,58.37,57.82,0.03940380332362525,-0.009422648620866836,0.02161881701833268,0.03614666205465222,0.0892424766516775,0.10532687651331707,-0.008820477343479682,15,4,0.10532687651331707,0.008820477343479682
NVDA,2021-10-04,2021-10-05,1,ema9_break,10,10,0.08193301095473707,0.08193301095473707,34.33423437270673,42.479644366881146,0.6852157002959088,0.7019860074176295,20.5,19.95,0.0,-0.02682926829268295,0.03609022556390995,0.11729323308270678,0.32330827067669166,0.32330827067669166,0.03609022556390995,20,5,0.32330827067669166,-0.03609022556390995
GOOGL,2021-10-04,2021-10-05,1,ema9_break,5,5,0.1407108960062345,0.1407108960062345,37.53338515012246,43.904062769253834,2.7143243568668196,2.7747297599477614,135.96,134.04,0.0,-0.014121800529567685,0.017979707549985013,0.06863622799164437,0.08497463443748154,0.10452103849597161,0.017979707549985013,18,5,0.10452103849597161,-0.017979707549985013
PEP,2021-10-04,2021-10-05,1,ema9_break,7,7,0.11625111952339834,0.11625111952339834,34.834360884818324,39.49366924377483,2.118932115646388,2.133294107385931,150.88,151.36,0.0,0.0031813361611878754,0.03679968287526414,0.05774312896405909,0.0751849894291754,0.0751849894291754,0.023784355179703898,20,1,0.0751849894291754,-0.023784355179703898
AMZN,2021-10-04,2021-10-05,1,ema9_break,11,11,0.061249495159979184,0.061249495159979184,28.94766979805867,33.73985171411698,3.3048016021442277,3.3223157734196387,163.97,160.23,0.0,-0.02280905043605541,0.013355801036010861,0.07476752168757428,0.033763964301316784,0.07557885539536935,0.013043749609935817,9,4,0.07557885539536935,-0.013043749609935817
MSFT,2021-10-04,2021-10-05,1,ema9_break,3,3,0.16688090223994725,0.16688090223994725,37.88212017787785,45.24240267948814,5.606344362165864,5.726605479154014,287.4,284.05,0.0,-0.011656228253305367,0.031086076395000717,0.08512585812356988,0.17278648125330043,0.17278648125330043,0.031086076395000717,20,5,0.17278648125330043,-0.031086076395000717
COST,2021-10-04,2021-10-05,1,ema9_break,6,6,0.11733238769108652,0.11733238769108652,39.33486167511606,45.18289738222233,8.447568981721027,8.548456911598096,448.34,439.58,0.0,-0.019538742918320917,0.016584012011465532,0.06255971609263389,0.13060193821374955,0.13060193821374955,0.013012420947267955,20,6,0.13060193821374955,-0.013012420947267955
ADBE,2021-10-04,2021-10-05,1,ema9_break,9,9,0.08942253153696704,0.08942253153696704,21.255600495945444,26.84534274274219,14.558372091293291,14.361345513343768,574.5901,563.91,0.0,-0.018587337303583973,0.029756521430724936,0.1279636821478607,0.1356422124097818,0.1533046053448246,0.011349328793601732,18,1,0.1533046053448246,-0.011349328793601732
AAPL,2021-10-04,2021-10-05,1,ema9_break,4,4,0.14104006829066948,0.14104006829066948,34.10953198184359,39.6375034125382,3.017971605730029,3.023830776749314,141.76,139.49,0.0,-0.01601297968397275,0.014481324826152386,0.06645637680120431,0.07548928238583419,0.09377016273567995,0.010179941214423893,17,6,0.09377016273567995,-0.010179941214423893
META,2021-10-04,2021-10-05,1,ema9_break,8,8,0.10993524184541989,0.10993524184541989,28.067555581131685,34.68323522508348,8.96266657330407,8.966761818068063,335.53,328.58,0.0,-0.020713498047864487,-0.014638748554385517,0.03472518108223266,-0.00152169943392777,0.04047720494247975,-0.04979000547811785,12,16,0.04047720494247975,0.04979000547811785
NFLX,2021-10-04,2021-10-21,17,ema9_break,1,1,0.43958713374828284,0.43958713374828284,60.99710209480088,67.20876827059124,1.6503523809542888,1.6781881106434433,61.34,62.89,0.04189761982393203,0.025268992500815157,0.07187152170456357,0.0628080775958022,0.08443313722372392,0.09985689298775635,0.026713308952138526,19,11,0.09985689298775635,-0.026713308952138526
TSLA,2021-10-04,2021-10-27,23,"exhaustion(rsi=88.6,cp=0.18)",2,2,0.3724168260745651,0.3724168260745651,63.02365643136631,89.5148143480856,7.14034440244262,11.6818739804515,265.5,346.55,0.2867043314500941,0.30527306967984935,0.16756600779108344,0.027211080652142616,0.0734381763093348,0.183003895541769,-0.025248881835232995,6,13,0.183003895541769,0.025248881835232995
AMZN,2021-11-02,2021-11-03,1,ema9_break,10,10,0.2116032057604419,0.2116032057604419,45.387604178425825,52.25200561824137,3.5924192894126574,3.683675054454611,165.75,165.45,0.0,-0.0018099547511313263,0.05228165608945301,0.07252946509519487,0.03880326382592947,0.11695376246600198,0.03880326382592947,11,20,0.11695376246600198,-0.03880326382592947
NFLX,2021-11-02,2021-11-05,3,ema9_break,5,5,0.3811676739539948,0.3811676739539948,66.29912672898564,49.62639871249345,1.5822019595995729,1.659689396953448,68.31,66.4,0.007612355438442409,-0.027960767091201877,0.028012048192771033,0.02228915662650577,-0.0772590361445783,0.04171686746987935,-0.09322289156626518,8,19,0.04171686746987935,0.09322289156626518
NVDA,2021-11-02,2021-11-08,6,"exhaustion(rsi=87.6,cp=0.17)",2,2,0.6894674374258859,0.6894674374258859,80.34857707420842,89.11824745469939,0.7086947934161043,1.0799706370980156,25.82,30.15,0.15414407436096056,0.1676994577846629,-0.003980099502487455,0.06003316749585408,0.07562189054726365,0.1071310116086237,-0.029519071310115996,14,7,0.1071310116086237,0.029519071310115996
PEP,2021-11-02,2021-11-09,7,ema9_break,7,7,0.32913179476289545,0.32913179476289545,66.2565913839428,60.5854743752253,1.9372795799793494,2.117319433660961,161.55,162.31,0.027545651501083235,0.004704425874342277,0.006161049842893229,0.01811348653810607,0.025938019838580573,0.025938019838580573,-0.015587456102519881,20,14,0.025938019838580573,0.015587456102519881
TSLA,2021-11-02,2021-11-10,8,"atr_trail(stop=374.31),ema9_break",1,1,0.915946660177249,0.915946660177249,85.00676717935053,56.513655215665715,13.976855028000713,18.7177280407251,386.45,336.8,0.06086168973994055,-0.12847716392806308,0.07779097387173395,0.10451306413301653,-0.0065320665083135054,0.1449524940617577,-0.0065320665083135054,8,20,0.1449524940617577,0.0065320665083135054
GOOGL,2021-11-02,2021-11-11,9,ema9_break,9,9,0.28702828684849935,0.28702828684849935,57.68816866864459,54.558934337512156,3.1887589734073996,2.9884136902588567,144.58,146.49,0.03077880758057816,0.013210679208742526,0.0228684551846543,-0.029421803536077595,0.010307870844426192,0.0228684551846543,-0.037135640658065405,5,13,0.0228684551846543,0.037135640658065405
MSFT,2021-11-02,2021-11-11,9,ema9_break,3,3,0.5382492227501544,0.5382492227501544,77.30705542464707,68.08490513135663,5.404769308328329,5.065021741566609,330.31,331.25,0.020223426478156892,0.00284581151039931,0.03024905660377364,-0.0047396226415094,0.03408301886792464,0.03580377358490572,-0.024875471698113216,6,15,0.03580377358490572,0.024875471698113216
ADBE,2021-11-02,2021-11-11,9,ema9_break,6,6,0.34320171941814703,0.34320171941814703,58.80910824348166,52.07480063646502,12.788977794341514,13.296056284409836,641.12,649.61,0.05141003244322451,0.013242450711255405,0.03286587337017588,0.019226920767845268,0.007450624220686208,0.05966656917227264,-0.05092286140915325,6,15,0.05966656917227264,0.05092286140915325
COST,2021-11-02,2021-12-01,29,ema9_break,4,4,0.45803116509400266,0.45803116509400266,75.38541463180917,57.81723483950716,7.91860815546757,10.970023963906854,494.74,543.1,0.12155879856086016,0.0977483122448155,-0.023918247099981582,0.04120788068495673,0.038317068679801114,0.04542441539311359,-0.03456085435463074,19,6,0.04542441539311359,0.03456085435463074
GOOGL,2021-12-02,2021-12-03,1,ema9_break,9,9,0.09312288839948932,0.09312288839948932,46.0558482821808,44.16897816818235,3.1766480614922434,3.242601771385654,141.25,143.68,0.012176991150442573,0.017203539823008818,0.030066815144766057,-0.0135718262806237,0.009117483296213758,0.031389198218262804,-0.014407015590200412,3,11,0.031389198218262804,0.014407015590200412
PEP,2021-12-02,2021-12-03,1,ema9_break,7,7,0.14675592568587575,0.14675592568587575,46.226434308778394,56.998952095002416,2.533833826876565,2.657131410671095,160.13,161.47,0.0030600137388372417,0.008368200836819994,0.04644825664210073,0.042298879048739746,0.07128259119341052,0.0758035548399083,0.029479160215519773,19,2,0.0758035548399083,-0.029479160215519773
AMZN,2021-12-02,2021-12-03,1,ema9_break,10,10,0.08710899731355447,0.08710899731355447,45.156338087926585,41.77692336676612,4.59505931576868,4.735412221785203,173.0,172.75,0.0,-0.0014450867052022698,-0.0031259044862517182,-0.01580318379160628,-0.013603473227206897,0.019739507959479097,-0.03490593342981185,2,19,0.019739507959479097,0.03490593342981185
MSFT,2021-12-02,2021-12-03,1,ema9_break,6,6,0.14780375972328416,0.14780375972328416,49.72835181708753,42.47404991153031,6.277337507201477,6.876813399544231,330.3,331.99,0.0,0.005116560702391748,0.031778065604385786,-0.024669417753546807,0.008313503418777568,0.031778065604385786,-0.03638663815175147,5,11,0.031778065604385786,0.03638663815175147
COST,2021-12-02,2021-12-03,1,ema9_break,3,3,0.29365113009044863,0.29365113009044863,54.72258439993449,56.69420432321405,11.391450823627794,11.487061479082953,518.51,529.99,0.013500221789358058,0.022140363734547197,0.05439725277835428,0.033245910300194303,0.06928432611936075,0.07128436385592174,-0.010679446782014712,17,4,0.07128436385592174,0.010679446782014712
NFLX,2021-12-02,2021-12-03,1,ema9_break,11,11,0.07925124999018841,0.07925124999018841,35.56819207045797,31.989454070780837,1.8506672872073116,1.9434767666925035,61.71,62.28,0.0,0.00923675255226053,-0.017822736030828512,-0.0579640333975594,-0.04078355812459855,0.008509955041746897,-0.0579640333975594,3,10,0.008509955041746897,0.0579640333975594
TSLA,2021-12-02,2021-12-03,1,ema9_break,5,5,0.1564836292767363,0.1564836292767363,51.89778836417117,44.20244833856997,19.80202145584802,20.539734209001733,366.35,361.6,0.0,-0.01296574314180432,-0.06247234513274347,-0.14032079646017703,0.10600110619469016,0.10600110619469016,-0.17040929203539823,20,11,0.10600110619469016,0.17040929203539823
NVDA,2021-12-02,2021-12-06,4,ema9_break,2,2,0.36250689763938365,0.36250689763938365,61.13629624125493,51.29363634773932,1.5527323093223089,1.6607742871197464,31.21,29.88,0.029477731496315274,-0.04261454661967323,-0.05756358768406955,-0.07228915662650603,-0.019745649263721576,0.08534136546184734,-0.07228915662650603,1,10,0.08534136546184734,0.07228915662650603
ADBE,2021-12-02,2021-12-06,4,"atr_trail(stop=627.45),ema9_break",4,4,0.15750201056533888,0.15750201056533888,54.87507646098305,40.67255105463497,18.724994539571988,22.06894937340646,655.95,617.47,0.024285387605762487,-0.05866300785120815,0.06612467002445443,-0.1096409542163993,-0.10279041896772312,0.06612467002445443,-0.1096409542163993,5,10,0.06612467002445443,0.1096409542163993
NVDA,2022-01-04,2022-01-05,1,ema9_break,9,9,0.12307773853975265,0.12307773853975265,48.27209808570865,41.53065439101457,1.4887215403715193,1.5173842874878394,30.28,28.95,0.0,-0.04392338177014532,-0.032815198618307395,-0.1658031088082902,-0.17271157167530227,-0.02659758203799656,-0.24214162348877366,1,15,-0.02659758203799656,0.24214162348877366
GOOGL,2022-01-04,2022-01-05,1,ema9_break,10,10,0.11138259984279303,0.11138259984279303,47.29837044796771,33.79586311634161,2.6967585558133274,2.9905615161123755,145.4,144.42,0.0,-0.0067400275103165486,-0.02070350366985174,-0.07692840326824535,-0.009209250796288537,0.024788810414070106,-0.12103586760836438,19,13,0.024788810414070106,0.12103586760836438
AMZN,2022-01-04,2022-01-05,1,ema9_break,7,7,0.1564967311945319,0.1564967311945319,43.78583187939654,39.18784489247024,4.143888140580106,4.073610416252955,170.44,166.88,0.0,-0.020887115700539804,-0.010007190795781273,-0.09114333652924267,-0.1679650047938639,-0.00910834132310634,-0.1679650047938639,4,20,-0.00910834132310634,0.1679650047938639
MSFT,2022-01-04,2022-01-05,1,ema9_break,6,6,0.15895787210496917,0.15895787210496917,46.073667950906994,37.007109910031886,6.978952472927647,7.4111701534328125,334.83,325.86,0.0,-0.02678971418331677,-0.023292211379119965,-0.07444914994169272,-0.07552323083532808,-0.023292211379119965,-0.11468115141471802,5,13,-0.023292211379119965,0.11468115141471802
ADBE,2022-01-04,2022-01-05,1,ema9_break,8,8,0.13352893622165019,0.13352893622165019,35.35388740015311,27.785106964459146,20.778063199038762,22.15105868482171,563.9,535.0,0.0,-0.051250221670508966,-0.00491588785046726,-0.04514018691588784,-0.04517757009345802,0.0018317757009345126,-0.07841121495327097,18,15,0.0018317757009345126,0.07841121495327097
NFLX,2022-01-04,2022-01-05,1,ema9_break,11,11,0.09636324261695076,0.09636324261695076,36.574690214796014,28.744714683765707,1.4829595653990162,1.5620338821562296,59.99,59.2,0.0,-0.013168861476912763,-0.09256756756756768,-0.14138513513513518,-0.31486486486486487,-0.06537162162162169,-0.3923986486486487,1,14,-0.06537162162162169,0.3923986486486487
COST,2022-01-04,2022-01-06,2,ema9_break,3,3,0.3582354913362447,0.3582354913362447,60.16134947978334,50.476137470556104,11.767277145593459,11.871886926557625,564.23,546.2,0.0,-0.03195505379012098,-0.05367997070670094,-0.11825338703771515,-0.048388868546320185,-0.01834492859758352,-0.12610765287440506,1,12,-0.01834492859758352,0.12610765287440506
TSLA,2022-01-04,2022-01-06,2,ema9_break,1,1,0.6867188913318224,0.6867188913318224,59.98875459571133,50.94074288998,20.418013873454445,21.189869105172452,396.52,359.0,0.0,-0.0946232220316755,-0.04220055710306403,-0.12359331476323121,-0.14270194986072426,0.027130919220055727,-0.23016713091922003,4,14,0.027130919220055727,0.23016713091922003
PEP,2022-01-04,2022-01-19,15,ema9_break,2,2,0.3745728554173322,0.3745728554173322,65.3872798161394,65.17778313849223,2.277101078304678,2.2242313374596034,172.66,173.96,0.017259353642997688,0.007529248233522523,-0.025465624281444055,0.008680156357783408,-0.04403311106001373,0.008680156357783408,-0.045987583352494865,10,19,0.008680156357783408,0.045987583352494865
TSLA,2022-02-02,2022-02-03,1,ema9_break,11,11,0.2144741924138356,0.2144741924138356,42.14952073319773,40.87065701670567,21.511322750994974,21.31908541163819,309.39,294.0,0.0,-0.04974304276156305,0.025578231292517017,-0.006394557823129254,-0.04955782312925172,0.05670068027210884,-0.13374149659863943,4,13,0.05670068027210884,0.13374149659863943
NVDA,2022-02-02,2022-02-04,2,ema9_break,10,10,0.2429314521220866,0.2429314521220866,47.08867503375214,43.63729426125193,1.5506896038050229,1.5060537910359635,25.79,23.97,0.0,-0.07056998836758432,-0.0008343763037129692,-0.013767209011264048,-0.10930329578639952,0.11430955360867756,-0.10930329578639952,3,20,0.11430955360867756,0.10930329578639952
AMZN,2022-02-02,2022-02-04,2,"atr_trail(stop=143.35),ema9_break",7,7,0.2677552686112695,0.2677552686112695,43.09672598350957,52.781654095522505,5.352896656993263,7.02642619914215,155.05,155.61,0.0,0.0036117381489841893,-0.014909067540646581,-0.01934322986954573,-0.11670201143885373,0.037272668851616064,-0.11670201143885373,2,20,0.037272668851616064,0.11670201143885373
MSFT,2022-02-02,2022-02-04,2,ema9_break,9,9,0.24884944354502442,0.24884944354502442,51.41191521241793,46.30075401616792,9.680137222070227,9.87277138025443,309.63,300.21,0.012369602428705218,-0.030423408584439593,-0.017221278438426246,-0.04090470004330293,-0.07095033476566392,0.0366410179540988,-0.07095033476566392,3,20,0.0366410179540988,0.07095033476566392
ADBE,2022-02-02,2022-02-04,2,ema9_break,6,6,0.29886453155744563,0.29886453155744563,49.00233167459438,43.01975074083379,20.880524561600886,20.775656382196686,536.25,503.77,0.0,-0.06056876456876459,-0.059153978998352286,-0.12150386088889764,-0.13061516168092568,0.035690890684240806,-0.14752764158246823,3,12,0.035690890684240806,0.14752764158246823
NFLX,2022-02-02,2022-02-04,2,ema9_break,3,3,0.33036453371187346,0.33036453371187346,37.92669518205388,35.696986287921874,2.78079459091435,2.6805830911455373,44.83,40.73,0.0,-0.09145661387463755,-0.03928308372207201,-0.03928308372207201,-0.13994598575988204,0.013749079302725287,-0.13994598575988204,3,20,0.013749079302725287,0.13994598575988204
META,2022-02-02,2022-02-04,2,"atr_trail(stop=294.49),ema9_break",4,4,0.3252511261807846,0.3252511261807846,52.467646671019494,24.644931379139138,11.235565323032008,16.367655814246987,327.82,234.97,0.0,-0.28323470197059364,-0.06562539898710473,-0.12261139719964254,-0.202153466399966,-0.012639911478060983,-0.202153466399966,3,20,-0.012639911478060983,0.202153466399966
PEP,2022-02-02,2022-02-07,5,ema9_break,5,5,0.3130964714124521,0.3130964714124521,60.01597453495512,48.028003436061816,3.3209092364108264,3.2375902304644986,172.76,172.74,0.01568650150497808,-0.00011576753878206336,-0.034965844621975384,-0.025413916869283404,-0.08608313071668405,-0.004168113928447403,-0.08608313071668405,1,20,-0.004168113928447403,0.08608313071668405
GOOGL,2022-02-02,2022-02-08,6,atr_trail(stop=141.64),1,1,0.485896396557168,0.485896396557168,65.57913607647609,51.254407832819034,4.624952383288435,4.676957908660483,151.25,139.03,0.0,-0.08079338842975203,-0.017406315183773224,-0.08228439905056462,-0.04035100338056541,0.01841329209523135,-0.09098755664245128,1,18,0.01841329209523135,0.09098755664245128
AAPL,2022-02-02,2022-02-11,9,ema9_break,2,2,0.4227649988583967,0.4227649988583967,59.887269508701316,46.480655396921954,4.803266383138852,4.385807261068913,174.75,172.33,0.008755364806867005,-0.013848354792560746,-0.02918818545813262,-0.04183833343004706,-0.1259792259037893,0.0026692972784772007,-0.1259792259037893,2,20,0.0026692972784772007,0.1259792259037893
COST,2022-02-02,2022-02-14,12,ema9_break,8,8,0.26638102716846856,0.26638102716846856,54.80517053361624,45.407935076329245,14.539896323243092,13.40040729027763,511.11,508.99,0.03466964058617528,-0.004147835103989417,-0.013379437709974629,0.027387571465058214,0.06548262244837821,0.06548262244837821,-0.02697498968545553,20,6,0.06548262244837821,0.02697498968545553
NVDA,2022-04-04,2022-04-06,2,ema9_break,6,6,0.2481143347596805,0.2481143347596805,57.25754652111342,44.28107710008067,1.3105336225577526,1.3700009296543887,26.73,24.93,0.023569023569023573,-0.06734006734006737,-0.10950661853188925,-0.1905334937825912,-0.24428399518652222,-0.028880866425992746,-0.2611311672683513,1,14,-0.028880866425992746,0.2611311672683513
AMZN,2022-04-04,2022-04-06,2,ema9_break,9,9,0.22920581225267508,0.22920581225267508,62.60071075244915,49.52791135755782,4.808672880467291,4.968906718362103,164.13,161.65,0.025711326387619637,-0.015109973801255006,-0.037797711104237686,-0.08258583359109184,-0.27986390349520573,-0.02183730281472318,-0.27986390349520573,8,20,-0.02183730281472318,0.27986390349520573
GOOGL,2022-04-04,2022-04-07,3,ema9_break,7,7,0.24316539183308175,0.24316539183308175,60.83435548489698,47.19099604224031,3.3579554332167847,3.3948753960558595,140.36,136.01,0.018595041322313932,-0.030991735537190257,-0.06823027718550101,-0.12035879714726849,-0.14895963532093226,-0.01999852951988823,-0.16101757223733548,1,15,-0.01999852951988823,0.16101757223733548
MSFT,2022-04-04,2022-04-07,3,ema9_break,5,5,0.27525901061729596,0.27525901061729596,61.20443099152525,49.414156693558176,7.576139549938577,7.8412604195390125,310.09,296.66,0.01573736657099567,-0.043310006772227294,-0.056731611946336025,-0.07628261309242923,-0.07392300950583164,0.001044967302636035,-0.08912559832805234,1,12,0.001044967302636035,0.08912559832805234
ADBE,2022-04-04,2022-04-07,3,ema9_break,10,10,0.17248732555760715,0.17248732555760715,54.91423840597513,49.37045473728893,17.14924231252365,17.102279796142298,461.04,444.09,0.016853201457574185,-0.03676470588235303,-0.05325497083924424,-0.07975860748947272,-0.11952532144385142,0.0028147447589452756,-0.11952532144385142,1,20,0.0028147447589452756,0.11952532144385142
NFLX,2022-04-04,2022-04-07,3,ema9_break,11,11,0.12744424809769056,0.12744424809769056,54.7629258752694,43.453267753066754,1.6008516797521863,1.5909734476733073,37.36,36.5,0.047912205567451904,-0.02301927194860809,-0.06547945205479455,-0.40958904109589034,-0.5041095890410958,-0.024931506849315,-0.5041095890410958,1,20,-0.024931506849315,0.5041095890410958
TSLA,2022-04-04,2022-04-07,3,ema9_break,1,1,0.5311598055097838,0.5311598055097838,73.70662984665685,58.69982883774033,16.25561081810338,17.076995979363392,363.13,350.8,0.051469170820367394,-0.03395478203398228,-0.06405359179019388,-0.04498289623717222,-0.17745153933865454,-0.023033067274800367,-0.17745153933865454,7,20,-0.023033067274800367,0.17745153933865454
COST,2022-04-04,2022-04-13,9,ema9_break,2,2,0.3515078734395635,0.3515078734395635,70.10687020938656,64.0152788825753,11.939575624164101,13.35844345488835,573.94,582.47,0.059431299438965635,0.014862180715754292,0.015914982745892425,-0.035143440863907194,-0.16531323501639572,0.03615636856833815,-0.16531323501639572,4,20,0.03615636856833815,0.16531323501639572
PEP,2022-04-04,2022-04-19,15,ema9_break,3,3,0.34845507049658886,0.34845507049658886,61.63391234694451,62.62739146128429,2.844083587646778,2.703625088309415,169.11,169.84,0.024776772514931045,0.004316716929808839,0.020372114931700436,-0.010892604804521921,0.0272020725388602,0.04510127178520951,-0.01224682053697601,7,9,0.04510127178520951,0.01224682053697601
META,2022-08-02,2022-08-03,1,ema9_break,11,11,0.2259917138320435,0.2259917138320435,43.998849823647234,50.81073647867326,8.141409463154707,8.227737358643656,158.31,162.69,0.011875434274524643,0.027667235171498827,0.09619521789907193,0.0747433769746142,0.0014751982297622757,0.11186919909029425,-0.03399102587743563,8,19,0.11186919909029425,0.03399102587743563
TSLA,2022-08-02,2022-08-08,6,ema9_break,1,1,0.7017397062214843,0.7017397062214843,71.90275743926739,60.832917069093575,13.821763979845462,14.066623829351474,294.0,295.0,0.049761904761904674,0.00340136054421758,0.04854237288135588,-0.017254237288135466,-0.06976271186440675,0.04854237288135588,-0.08403389830508479,5,19,0.04854237288135588,0.08403389830508479
NVDA,2022-08-02,2022-08-09,7,ema9_break,3,3,0.4551742472158592,0.4551742472158592,62.70634478983011,47.24217240695633,0.8377890571002024,0.8786108139054883,18.12,17.25,0.06070640176600439,-0.04801324503311266,0.09449275362318832,-0.004057971014492789,-0.2052173913043478,0.10318840579710153,-0.21913043478260863,4,19,0.10318840579710153,0.21913043478260863
PEP,2022-08-02,2022-08-09,7,ema9_break,5,5,0.414597615105329,0.414597615105329,64.12487023063125,58.12588176113503,2.888004687539437,2.760249829778106,176.94,174.79,0.0,-0.01215101164236465,0.03163796555867049,0.020481720922249647,-0.008810572687224627,0.0320956576463185,-0.030207677784770293,7,19,0.0320956576463185,0.030207677784770293
COST,2022-08-02,2022-08-10,8,ema9_break,6,6,0.410805447396562,0.410805447396562,66.57335015260645,61.062940072432454,12.661257304367819,11.642783080928009,544.03,544.48,0.0054776391007849146,0.00082716026689722,0.021745518660005958,-0.0023141345871290353,-0.028210402585953642,0.03026741110784603,-0.04698060534822224,6,18,0.03026741110784603,0.04698060534822224
GOOGL,2022-08-02,2022-08-22,20,ema9_break,10,10,0.24851218926822893,0.24851218926822893,53.89172921887096,45.06881827007189,4.029346089183372,3.1484973160834735,114.0,115.2,0.0708771929824561,0.010526315789473717,-0.05017361111111107,-0.07282986111111112,-0.1220486111111111,0.01258680555555558,-0.1220486111111111,3,20,0.01258680555555558,0.1220486111111111
AMZN,2022-08-02,2022-08-22,20,ema9_break,2,2,0.5393645554174291,0.5393645554174291,66.67163668227832,49.92502677830424,5.591808072971622,4.727497112173495,134.72,135.72,0.07467339667458428,0.007422802850356236,-0.04369289714117308,-0.07080754494547603,-0.09969053934571181,0.011494252873563315,-0.09969053934571181,3,20,0.011494252873563315,0.09969053934571181
MSFT,2022-08-02,2022-08-22,20,ema9_break,8,8,0.3590632661751062,0.3590632661751062,58.25524808657658,48.7461371537397,7.672129997558429,6.10064299798559,276.0,282.08,0.06329710144927536,0.022028985507246412,-0.059734826999432666,-0.10220504821327281,-0.14049205899035733,-0.011450652297220532,-0.14049205899035733,3,20,-0.011450652297220532,0.14049205899035733
ADBE,2022-08-02,2022-08-22,20,"atr_trail(stop=427.03),ema9_break",9,9,0.3376869618211781,0.3376869618211781,58.88161735676729,45.9578341556362,13.41272773817867,12.205723723024425,405.34,419.41,0.11269551487640017,0.034711600138155774,-0.10526692258172199,-0.12186166281204547,-0.3060251305405213,-0.021458715815073526,-0.3060251305405213,1,20,-0.021458715815073526,0.3060251305405213
NFLX,2022-08-02,2022-08-23,21,"atr_trail(stop=23.04),ema9_break",4,4,0.4525446940202139,0.4525446940202139,61.85156216120726,48.41510189295399,0.97853962508811,0.919252865932833,22.28,22.65,0.11894075403949733,0.016606822262118293,-0.025607064017659997,0.011037527593819041,0.04591611479028712,0.07549668874172188,-0.03708609271523178,18,14,0.07549668874172188,0.03708609271523178
AAPL,2022-08-02,2022-08-23,21,"atr_trail(stop=167.67),ema9_break",7,7,0.392843348003463,0.392843348003463,64.91513693299166,57.35528614069313,3.9059454105324782,3.340222501172393,160.1,167.08,0.0902560899437852,0.04359775140537181,-0.048898731146756136,-0.06655494373952597,-0.07996169499640893,0.01765621259276995,-0.09803686856595661,2,17,0.01765621259276995,0.09803686856595661
NVDA,2022-09-02,2022-09-06,4,ema9_break,5,5,0.22177118694282272,0.22177118694282272,28.74475235355962,28.049692792681583,0.8822377019239479,0.8499350089293802,14.1,13.73,0.0,-0.026241134751773032,-0.043699927166788055,-0.0400582665695558,-0.04078659868900225,0.056809905316824505,-0.11580480699198836,4,18,0.056809905316824505,0.11580480699198836
GOOGL,2022-09-02,2022-09-06,4,ema9_break,6,6,0.17633237722764558,0.17633237722764558,37.45824231585617,35.84910300903964,3.106514536719583,3.0453349269538985,110.59,107.3,0.0,-0.029749525273532917,-0.02777260018639338,-0.05740913327120223,-0.052749301025163065,0.03317800559179873,-0.1085740913327119,4,18,0.03317800559179873,0.1085740913327119
PEP,2022-09-02,2022-09-06,4,ema9_break,1,1,0.25898517072478594,0.25898517072478594,36.408148614527946,33.895134335798375,2.6127444646076334,2.6732627171356604,173.72,170.98,0.0,-0.015772507483306497,-0.020879635045034428,-0.012048192771084376,-0.022634226225289322,0.01707802082114873,-0.0451514797052287,4,18,0.01707802082114873,0.0451514797052287
AMZN,2022-09-02,2022-09-06,4,ema9_break,7,7,0.15347403460666226,0.15347403460666226,42.900510594538176,40.97968973000191,4.527611473329849,4.4813535109491465,129.5,127.92,0.0,-0.012200772200772203,-0.008599124452783102,-0.04479362101313322,-0.053392745465916214,0.06668230143839882,-0.11663539712320203,4,18,0.06668230143839882,0.11663539712320203
MSFT,2022-09-02,2022-09-06,4,ema9_break,10,10,0.1173080373108541,0.1173080373108541,31.631063480857122,29.77447116636222,6.25560775610773,6.229492916385748,261.7,256.2,0.0,-0.021016431027894522,-0.016432474629195837,-0.05366900858704138,-0.02857142857142858,0.040788446526151434,-0.09094457455113192,4,18,0.040788446526151434,0.09094457455113192
COST,2022-09-02,2022-09-06,4,ema9_break,2,2,0.2537687927255582,0.2537687927255582,41.64185202462461,41.53626815243337,11.744360643924589,11.664049169358547,532.7,520.16,0.0,-0.023540454289468937,-0.01895570593663476,-0.039680098431251865,-0.06542217779144877,0.03721931713318982,-0.10335281451860967,4,13,0.03721931713318982,0.10335281451860967
ADBE,2022-09-02,2022-09-06,4,ema9_break,11,11,0.11600555539537685,0.11600555539537685,29.37085668155811,29.511339352198732,12.191565767353707,11.9585967839713,374.53,367.23,0.0,-0.01949109550636785,0.003158783323802483,-0.20741769463279147,-0.1967704163603191,0.07932358467445466,-0.25060588731857425,4,18,0.07932358467445466,0.25060588731857425
NFLX,2022-09-02,2022-09-06,4,ema9_break,4,4,0.229289109724011,0.229289109724011,49.651693640548075,44.40616555554578,0.9685923714348962,0.9865500591895466,23.1,22.56,0.0,-0.023376623376623495,-0.0332446808510638,0.07668439716312059,0.06693262411347534,0.08687943262411357,-0.0332446808510638,16,5,0.08687943262411357,0.0332446808510638
TSLA,2022-09-02,2022-09-06,4,ema9_break,9,9,0.12325663246957758,0.12325663246957758,40.50808505741746,43.80293056416502,11.974731312516138,11.851536218764986,281.07,272.68,0.0,-0.029850215248870327,0.07132903036526317,0.13220624908317435,-0.0852281062050756,0.1334531318761918,-0.11104591462520175,9,19,0.1334531318761918,0.11104591462520175
AAPL,2022-09-02,2022-09-06,4,ema9_break,8,8,0.14627915348914108,0.14627915348914108,37.83372141149387,36.111911354014296,3.7384062166820855,3.714234344061937,159.75,156.47,0.0,-0.02053208137715179,-0.016808333865916736,0.0027481306320700227,-0.06627468524317759,0.04448137023071519,-0.11676359685562732,4,18,0.04448137023071519,0.11676359685562732
META,2022-09-02,2022-09-06,4,ema9_break,3,3,0.24400248516361783,0.24400248516361783,43.74674095781236,42.27847975868988,6.870996989538442,6.665925775999982,167.45,160.1,0.0,-0.04389369961182443,-0.04353529044347282,-0.08750780762023724,-0.12379762648344783,0.05652717051842604,-0.16052467207994991,3,15,0.05652717051842604,0.16052467207994991
GOOGL,2022-11-02,2022-11-03,1,ema9_break,9,9,0.12456547253578358,0.12456547253578358,32.43592951709812,29.175736453924884,3.7402415503155777,3.7323671538644647,90.94,86.32,0.0,-0.05080272707279532,0.08827618164967577,0.13948100092678417,0.1635773864689527,0.16994902687673785,0.003012048192771122,18,1,0.16994902687673785,-0.003012048192771122
PEP,2022-11-02,2022-11-03,1,ema9_break,1,1,0.40207463432119384,0.40207463432119384,58.092506781474796,57.05558477568986,3.6198950820202613,3.5306168618759575,180.78,176.78,0.0,-0.022126341409447914,0.027831202624731155,0.01838443262812528,0.05040162914356827,0.05158954632877033,-0.0002828374250481991,19,7,0.05158954632877033,0.0002828374250481991
AMZN,2022-11-02,2022-11-03,1,ema9_break,7,7,0.19174335278662294,0.19174335278662294,25.238949306776092,23.622465787045797,5.633660812047553,5.55125646832987,97.32,92.47,0.0,-0.049835593916974896,0.044987563534119035,0.025738077214231492,0.01795176814101862,0.08997512706823851,-0.06845463393533036,6,4,0.08997512706823851,0.06845463393533036
MSFT,2022-11-02,2022-11-03,1,ema9_break,10,10,0.12373519798385554,0.12373519798385554,37.83505852381487,34.94672997638499,8.44791563686696,8.303778805662178,229.46,220.09,0.0,-0.040835003922252255,0.10400290790131295,0.09809623335908046,0.15870780135399154,0.15925303285019754,0.005906674542232704,18,1,0.15925303285019754,-0.005906674542232704
COST,2022-11-02,2022-11-03,1,ema9_break,5,5,0.26421426616555854,0.26421426616555854,47.355793272296864,48.754187576327,13.256042997903695,13.139182783767717,497.8,480.88,0.0,-0.033989554037766156,0.06706454832806519,0.0840958243220764,0.02838545999001818,0.12138163367160204,0.01149975045749474,18,1,0.12138163367160204,-0.01149975045749474
ADBE,2022-11-02,2022-11-03,1,ema9_break,6,6,0.2503423321689923,0.2503423321689923,43.95618685504,36.83352134010791,11.15732133340905,11.492512666736976,318.84,297.07,0.0,-0.06827876050683723,0.11068098427979933,0.13720671895512848,0.14966169589658995,0.1645740061265022,-0.038105497020904155,8,1,0.1645740061265022,0.038105497020904155
NFLX,2022-11-02,2022-11-03,1,ema9_break,2,2,0.3920899201981617,0.3920899201981617,54.97096649787978,52.9802978451132,1.395331349190828,1.3492362528200545,28.64,27.13,0.0,-0.05272346368715086,0.01363803907113903,0.08846295613711774,0.18098046443051974,0.18098046443051974,-0.061186877994839683,20,4,0.18098046443051974,0.061186877994839683
TSLA,2022-11-02,2022-11-03,1,ema9_break,8,8,0.16206795806834484,0.16206795806834484,38.241510188970906,38.49444441004041,12.783155462142384,12.660072929132214,226.04,211.36,0.0,-0.06494425765351253,-0.0976532929598789,-0.13337433762301298,-0.07806585919757758,-0.018404617713853155,-0.20576267978803942,1,12,-0.018404617713853155,0.20576267978803942
AAPL,2022-11-02,2022-11-03,1,ema9_break,4,4,0.2678129157505752,0.2678129157505752,46.57680278359294,40.80029452052227,5.309959169864459,5.379247800588426,148.95,142.06,0.0,-0.046257133266196626,0.033858932845276746,0.06096015767985352,0.040475855272420036,0.06497254681120657,-0.05061241728846966,11,4,0.06497254681120657,0.05061241728846966
META,2022-11-02,2022-11-03,1,ema9_break,11,11,0.1228500481616793,0.1228500481616793,23.638524509655767,23.047711781241915,7.447040014745654,7.067251442263822,94.21,90.08,0.0,-0.04383823373314932,0.24189609236234455,0.23723357015985802,0.370892539964476,0.370892539964476,0.00788188277087043,20,1,0.370892539964476,-0.00788188277087043
NVDA,2022-11-02,2022-11-21,19,ema9_break,3,3,0.306378571321023,0.306378571321023,53.10042782172356,58.00359946106681,0.7106837390059765,0.7659304420024478,13.85,15.15,0.20361010830324933,0.09386281588447654,0.032343234323432446,0.055445544554455495,0.06204620462046195,0.19273927392739276,0.032343234323432446,15,5,0.19273927392739276,-0.032343234323432446
AMZN,2022-12-02,2022-12-05,3,ema9_break,11,11,0.15026539882378087,0.15026539882378087,42.80546951722006,38.50403669008995,3.933076199051142,3.888570756261775,94.48,93.05,0.0,-0.015135478408128789,-0.026867275658248202,-0.08737238044062323,-0.08500806018269746,-0.00601826974744768,-0.12068780225685116,6,16,-0.00601826974744768,0.12068780225685116
COST,2022-12-02,2022-12-05,3,ema9_break,6,6,0.3401858174022306,0.3401858174022306,41.515350765329806,39.25328244370314,13.611708172792358,13.339443303307188,498.52,492.5,0.0,-0.01207574420284041,-0.009786802030456787,-0.06877157360406094,-0.07297461928934013,-0.008730964467005053,-0.08022335025380711,6,16,-0.008730964467005053,0.08022335025380711
PEP,2022-12-02,2022-12-06,4,ema9_break,4,4,0.3772333388236545,0.3772333388236545,63.52201792459939,51.54100144058024,2.9863281327118187,3.0548951756545795,184.0,183.75,0.009184782608695707,-0.0013586956521739468,0.0006530612244897149,-0.01371428571428579,-0.03619047619047622,0.0011972789115646254,-0.03619047619047622,4,20,0.0011972789115646254,0.03619047619047622
ADBE,2022-12-02,2022-12-06,4,ema9_break,7,7,0.32498730190252617,0.32498730190252617,58.73241333138399,52.14972663216739,11.289993038846138,10.931932773290805,337.2,334.09,0.012841043890865933,-0.00922301304863582,0.02505312939627058,0.012361938399832573,-0.016911610643838393,0.02505312939627058,-0.022179652189529664,5,1,0.02505312939627058,0.022179652189529664
TSLA,2022-12-02,2022-12-06,4,ema9_break,10,10,0.190213981535152,0.190213981535152,48.37196813481858,39.73894670406519,10.309697448297536,10.432902391644303,191.78,181.22,0.01606006882886657,-0.055063093127541984,-0.11185299635801793,-0.23959827833572445,-0.3911268071956737,-0.011974395762057055,-0.40348747378876504,3,18,-0.011974395762057055,0.40348747378876504
NVDA,2022-12-02,2022-12-07,5,ema9_break,2,2,0.45963733583935645,0.45963733583935645,63.31761928457396,55.45530387431881,0.7329137407090959,0.708994711493398,16.66,15.77,0.013205282112844996,-0.05342136854741897,0.12048192771084354,0.04629042485732415,-0.05770450221940393,0.14584654407102104,-0.10970196575776792,4,14,0.14584654407102104,0.10970196575776792
GOOGL,2022-12-02,2022-12-07,5,ema9_break,8,8,0.31171396355598147,0.31171396355598147,57.18788772451223,45.767050331301405,3.029031968787883,2.956079896292631,99.05,96.41,0.01403331650681472,-0.02665320545179206,-0.013898973135566872,-0.0708432735193445,-0.09407737786536663,-0.008090447049061367,-0.10776890364070113,4,14,-0.008090447049061367,0.10776890364070113
MSFT,2022-12-02,2022-12-07,5,ema9_break,5,5,0.3708862231174522,0.3708862231174522,62.130871004528785,51.07567163903317,6.84979085585094,6.731046104338382,249.82,244.83,0.02081498679048921,-0.01997438155471931,0.05060654331577008,-0.0016337867091451574,-0.08128088877996975,0.05060654331577008,-0.09198219172487032,5,19,0.05060654331577008,0.09198219172487032
NFLX,2022-12-02,2022-12-16,14,"atr_trail(stop=29.20),ema9_break",1,1,0.5210442520943953,0.5210442520943953,66.78370604543649,46.47339139302823,1.3199361989678355,1.3607395381939666,31.05,28.88,0.03188405797101446,-0.06988727858293076,0.021468144044321402,0.021468144044321402,0.1298476454293631,0.1523545706371192,-0.041204986149584455,18,7,0.1523545706371192,0.041204986149584455
NVDA,2023-01-04,2023-01-05,1,ema9_break,10,10,0.1627271366160549,0.1627271366160549,43.33698195941269,39.94674951175222,0.7298079889894462,0.7205359897759143,14.57,14.49,0.012354152367879179,-0.005490734385724116,0.1394064872325742,0.23119392684610074,0.456176673567978,0.4982746721877156,0.02553485162180813,19,1,0.4982746721877156,-0.02553485162180813
GOOGL,2023-01-04,2023-01-05,1,ema9_break,8,8,0.18655728576023162,0.18655728576023162,41.2578679627304,37.54003198397572,2.751051636352984,2.710262233756342,90.35,87.47,0.0,-0.03187603763143332,0.04184291757173875,0.12061278152509436,0.1978964216302732,0.2317365954041386,-0.0014862238481764267,19,1,0.2317365954041386,0.0014862238481764267
PEP,2023-01-04,2023-01-05,1,ema9_break,11,11,0.1384862100743734,0.1384862100743734,41.37458344343171,36.464644840990644,2.7873115799938804,2.7389321814228875,179.41,177.96,0.0,-0.008082046708656088,-0.012249943807597252,-0.045403461452011795,-0.049674084063834556,0.01764441447516285,-0.049674084063834556,1,11,0.01764441447516285,0.049674084063834556
MSFT,2023-01-04,2023-01-05,1,ema9_break,5,5,0.2106102620168994,0.2106102620168994,37.2828292898949,32.776174076102464,7.093772664426739,7.111360331253401,232.28,227.2,0.0,-0.021870156707422095,0.0497799295774648,0.05730633802816909,0.13710387323943674,0.16461267605633823,-0.009991197183098488,19,1,0.16461267605633823,0.009991197183098488
COST,2023-01-04,2023-01-05,1,ema9_break,9,9,0.17076162806304726,0.17076162806304726,35.65668085118402,32.23032810909493,10.08609581598127,9.861374686268322,457.18,454.54,0.0,-0.005774530819370849,0.06135873630483557,0.0562546750561006,0.1325735908830905,0.15155981871782442,0.03289039468473609,19,9,0.15155981871782442,-0.03289039468473609
TSLA,2023-01-04,2023-01-05,1,ema9_break,6,6,0.20698391777005534,0.20698391777005534,29.497495375260357,28.37385071896182,10.254510971093492,9.984903044586813,109.11,110.51,0.04151773439648054,0.012831087892952064,0.11808886073658487,0.20731155551533775,0.7191204415889962,0.7191204415889962,0.023074834856574133,20,1,0.7191204415889962,-0.023074834856574133
AAPL,2023-01-04,2023-01-05,1,ema9_break,7,7,0.2011853178128381,0.2011853178128381,34.878075258217606,33.46800535376751,4.398506945045291,4.299327877542055,126.89,127.13,0.0,0.0018914020017337663,0.04939825375599782,0.0844804530795249,0.21529143396523254,0.21529143396523254,0.01958625029497374,20,1,0.21529143396523254,-0.01958625029497374
AMZN,2023-01-04,2023-01-06,2,ema9_break,4,4,0.2278558722507973,0.2278558722507973,42.13768002558374,45.782895226031236,3.119581085775995,3.2007102219190986,86.55,83.03,0.0,-0.040670132871172715,0.18174153920269775,0.1745152354570636,0.23063952788148878,0.35986992653257843,0.05214982536432622,18,1,0.35986992653257843,-0.05214982536432622
ADBE,2023-01-04,2023-01-06,2,ema9_break,2,2,0.275279908620575,0.275279908620575,55.278109312027865,49.42565100909837,10.964751024262236,11.22169858724652,342.89,332.28,0.0,-0.030942867975152444,0.03641507162633939,0.09841097869266902,0.12925845672324554,0.18042012760322645,0.019321054532322135,18,2,0.18042012760322645,-0.019321054532322135
NFLX,2023-01-04,2023-01-20,16,ema9_break,3,3,0.22822289004610094,0.22822289004610094,57.85034109371029,66.35516058226463,1.2598574161363152,1.2683588832008088,29.82,33.68,0.11602951039570764,0.12944332662642521,0.07125890736342044,0.0864014251781473,0.03325415676959609,0.09263657957244642,0.03147268408551085,3,15,0.09263657957244642,-0.03147268408551085
PEP,2023-02-02,2023-02-03,1,ema9_break,11,11,0.1837531131217625,0.1837531131217625,37.15816930909074,35.32359507915808,2.6361125558206013,2.750675944690557,169.46,170.96,0.0030095597781187866,0.008851646406231595,0.030650444548432354,0.031118390266728913,0.014857276555919396,0.03983387927000459,0.0011698642957416183,6,3,0.03983387927000459,-0.0011698642957416183
META,2023-01-04,2023-02-06,33,"exhaustion(rsi=83.3,cp=0.26)",1,4,0.4486401460076608,0.5962809523012799,62.73656334388066,82.70233623645426,4.682276546043795,7.711134417191971,127.38,186.53,0.48194379023394585,0.4643586120270058,-0.03806358226558726,-0.07746743151235724,-0.010829357207955859,0.027287835736878874,-0.09108454404117305,1,14,0.027287835736878874,0.09108454404117305
AMZN,2023-02-02,2023-02-06,4,atr_trail(stop=104.24),5,5,0.49036066287944335,0.49036066287944335,76.6593085674904,56.53265767148524,3.8702560241168933,4.261955449366097,110.25,102.93,0.024126984126983997,-0.0663945578231292,-0.03293500437190322,-0.08112309336442247,-0.09112989410278838,-0.007966579228602,-0.1049256776450016,1,17,-0.007966579228602,0.1049256776450016
GOOGL,2023-02-02,2023-02-09,7,"atr_trail(stop=99.99),ema9_break",8,8,0.4070267614668713,0.4070267614668713,71.86439809886066,46.91387184647011,3.177155925451459,4.056041204982763,105.8,100.0,0.01833648393194709,-0.05482041587901698,-0.04489999999999994,-0.10870000000000002,-0.0937,-0.03060000000000007,-0.10870000000000002,4,10,-0.03060000000000007,0.10870000000000002
COST,2023-02-02,2023-02-09,7,ema9_break,6,6,0.45569973467074465,0.45569973467074465,72.26610469533684,52.79026401995778,10.228243816786456,10.337603456643983,524.29,505.29,0.0,-0.036239485780770075,-0.0023550832195372573,-0.03301074630410261,-0.0675849512161334,0.011854578558847306,-0.0675849512161334,4,20,0.011854578558847306,0.0675849512161334
ADBE,2023-02-02,2023-02-10,8,ema9_break,3,3,0.6146498202390434,0.6146498202390434,73.17452830749134,55.074667083130336,11.277400051155464,11.112479285087112,393.28,371.63,0.0,-0.055049837266069934,-0.03977073971423184,-0.13268573581250165,-0.12743858138471065,0.016871619621666722,-0.13747544600812633,2,9,0.016871619621666722,0.13747544600812633
NFLX,2023-02-02,2023-02-13,11,ema9_break,10,10,0.3271902833244263,0.3271902833244263,68.38764604173967,57.580434145829024,1.1579162476341043,1.2175231870600263,36.52,34.95,0.004654983570645976,-0.0429901423877328,-0.03433476394849788,-0.07839771101573678,-0.15622317596566537,0.034048640915593564,-0.16223175965665237,2,18,0.034048640915593564,0.16223175965665237
MSFT,2023-02-02,2023-02-17,15,ema9_break,9,9,0.3447051128310961,0.3447051128310961,69.16600568647729,52.69295119824232,6.989170357950217,7.31917668397624,258.82,259.39,0.05158024882157486,0.0022023027586739463,-0.03558348432861713,-0.009715100813446842,0.04950075176375357,0.07725818265931617,-0.050580207409691935,19,7,0.07725818265931617,0.050580207409691935
NVDA,2023-02-02,2023-02-21,19,ema9_break,2,2,0.6381133272348993,0.6381133272348993,73.20090766854291,52.60447714409953,0.9391249158168898,1.0011434110530109,21.0,21.0,0.09380952380952379,0.0,0.10571428571428565,0.10904761904761906,0.24761904761904763,0.24761904761904763,-0.011904761904761862,20,1,0.24761904761904763,0.011904761904761862
PEP,2023-03-02,2023-03-03,1,ema9_break,7,7,0.10621405807932614,0.10621405807932614,46.24718999758509,45.73454463606786,2.7166008677481597,2.6739865200518613,170.51,173.0,0.016479971849158392,0.014603249076300617,-0.005606936416184927,0.012312138728323596,0.053757225433526123,0.053757225433526123,-0.006936416184970984,20,4,0.053757225433526123,0.006936416184970984
AMZN,2023-03-02,2023-03-03,1,ema9_break,6,6,0.10941860234038142,0.10941860234038142,40.09621608069112,47.04925895056237,3.1614499264561435,3.1363463602807053,91.41,92.74,0.007876599934361739,0.01454983043430702,-0.021673495794694797,0.06696139745525143,0.11375889583782639,0.11375889583782639,-0.021673495794694797,20,5,0.11375889583782639,0.021673495794694797
MSFT,2023-03-02,2023-03-03,1,ema9_break,10,10,0.049786692611017,0.049786692611017,48.061726038250654,52.17524168194146,6.302057747022844,6.174053622235498,246.55,252.19,0.018495234232407176,0.022875684445345712,-0.014274951425512494,0.10801379911971143,0.14318569332646036,0.14318569332646036,-0.014274951425512494,20,5,0.14318569332646036,0.014274951425512494
ADBE,2023-03-02,2023-03-03,1,ema9_break,5,5,0.12165331383262239,0.12165331383262239,39.85245281354692,46.684917438046035,10.561149693807547,10.611067572821293,323.38,334.69,0.031294452347083945,0.03497433360133595,-0.016104454868684392,0.07006483611700376,0.15142370551853968,0.15142370551853968,-0.031133287519794495,20,6,0.15142370551853968,0.031133287519794495
COST,2023-03-02,2023-03-03,1,ema9_break,9,9,0.050612510902606545,0.050612510902606545,42.95714960976954,36.98106395283018,9.202792737355578,9.999736113258752,477.36,474.83,0.017450142450142314,-0.005299983241159767,-0.007771202325042692,0.02573552639892185,0.046416612261230394,0.046416612261230394,-0.007771202325042692,20,5,0.046416612261230394,0.007771202325042692
NFLX,2023-03-02,2023-03-03,1,ema9_break,11,11,0.029632148300107252,0.029632148300107252,33.78610119974161,36.57019843712901,1.1220328097802577,1.0897447519388108,31.1,31.55,0.002893890675241151,0.014469453376205754,-0.07194928684627577,-0.03803486529318545,0.09508716323296351,0.09508716323296351,-0.07194928684627577,20,5,0.09508716323296351,0.07194928684627577
TSLA,2023-03-02,2023-03-03,1,ema9_break,1,1,0.295299458025845,0.295299458025845,51.19057709461015,54.874317409235786,11.363659189739849,11.236254961901286,186.74,194.8,0.0222769626218271,0.043161615079789994,-0.10965092402464072,-0.07530800821355244,0.06498973305954814,0.06498973305954814,-0.11232032854209462,20,4,0.06498973305954814,0.11232032854209462
AAPL,2023-03-02,2023-03-03,1,ema9_break,8,8,0.05441762313456002,0.05441762313456002,47.11854353178672,56.98423687992209,3.3356489010783124,3.468816836715577,144.38,148.04,0.010597035600498739,0.02534977143648698,0.0031072683058632755,0.0470143204539315,0.1138881383409891,0.1138881383409891,0.0031072683058632755,20,5,0.1138881383409891,-0.0031072683058632755
GOOGL,2023-03-02,2023-03-10,8,ema9_break,4,4,0.1425367948513537,0.1425367948513537,45.51901338886979,42.58402766549599,2.7983729811054325,2.6656112329573203,89.66,92.17,0.06100825340173999,0.0279946464421148,0.10252793750678091,0.14397309319735263,0.1548226103938375,0.17630465444287724,-0.011500488228273875,19,1,0.17630465444287724,0.011500488228273875
NVDA,2023-03-02,2023-03-13,11,ema9_break,2,2,0.24127194316994893,0.24127194316994893,61.84978959765371,55.30921213754499,1.0091497414591002,0.9697701535231382,22.49,22.75,0.07514450867052025,0.011560693641618602,0.1384615384615384,0.1661538461538461,0.1942857142857144,0.22945054945054943,0.057582417582417555,15,1,0.22945054945054943,-0.057582417582417555
META,2023-03-02,2023-03-13,11,ema9_break,3,3,0.2395769337154136,0.2395769337154136,60.005843487690726,60.56292856923836,5.992558765351253,6.497151658018526,172.38,177.96,0.07466063348416285,0.03237034458753918,0.11154191953247916,0.13980669813441216,0.20167453360305676,0.214317824230164,0.090244998876152,18,1,0.214317824230164,-0.090244998876152
TSLA,2023-04-04,2023-04-05,1,ema9_break,10,10,0.30967096777157077,0.30967096777157077,51.63739640546994,46.95597947416206,9.55313444854536,9.500767702220694,197.32,190.52,0.0,-0.03446178795864574,-0.024249422632794504,-0.14449926516901113,-0.15389460424102464,-0.018265798866260896,-0.19299811043460013,7,14,-0.018265798866260896,0.19299811043460013
NVDA,2023-04-04,2023-04-06,2,ema9_break,1,1,0.5917940273252226,0.5917940273252226,67.60987075078546,62.70230616985918,0.8753193120107242,0.8708110394378183,27.97,26.58,0.0,-0.04969610296746518,0.006772009029345494,0.02031602708803626,0.0790067720090295,0.08765989465763746,-0.012791572610985735,16,12,0.08765989465763746,0.012791572610985735
COST,2023-04-04,2023-04-10,6,ema9_break,11,11,0.2331728011870387,0.2331728011870387,57.765357249912185,52.68641969904904,8.080494352445308,9.19842423189589,496.5,483.9,0.002477341389728105,-0.025377643504531755,0.020748088448026447,0.05687125439140317,0.03132878693945029,0.05687125439140317,0.011262657573879009,10,2,0.05687125439140317,-0.011262657573879009
ADBE,2023-04-04,2023-04-11,7,ema9_break,8,8,0.33928196454346654,0.33928196454346654,64.27003220063716,52.866983469658884,9.197084719572363,8.853775553824093,382.24,374.01,0.007613017999162697,-0.021530975303474253,0.009464987567177507,-0.01181786583246447,-0.08384802545386494,0.016710783134140872,-0.10208283200983936,7,17,0.016710783134140872,0.10208283200983936
AMZN,2023-04-04,2023-04-12,8,ema9_break,9,9,0.33602862402145783,0.33602862402145783,64.17616067658756,46.72634574444012,2.871503575398921,2.8714309086626706,102.75,100.4,0.01167883211678844,-0.02287104622871039,0.03884462151394419,0.04561752988047796,0.09750996015936253,0.09750996015936253,0.016434262948207046,20,13,0.09750996015936253,-0.016434262948207046
MSFT,2023-04-04,2023-04-12,8,ema9_break,5,5,0.45142312165109094,0.45142312165109094,67.65298762131054,58.12633737352996,6.2906703429608966,6.442912149046867,287.23,284.79,0.015214288201093273,-0.008494934373150409,0.012851574844622293,0.03715018083500121,0.09663260648196914,0.09663260648196914,-0.032901436145932106,20,9,0.09663260648196914,0.032901436145932106
GOOGL,2023-04-04,2023-04-13,9,ema9_break,7,7,0.3829268394444342,0.3829268394444342,62.60367723864683,62.779680412483934,2.698852508848422,2.7858481504547075,104.33,105.84,0.03920253043228228,0.014473305856417262,-0.0051965230536659135,0.016534391534391624,0.10137944066515492,0.10137944066515492,-0.02012471655328807,20,9,0.10137944066515492,0.02012471655328807
NFLX,2023-04-04,2023-04-13,9,ema9_break,6,6,0.43649744292692183,0.43649744292692183,63.97986179926951,60.526985440145616,1.1112795207821033,1.1067862299120088,34.85,34.0,0.0,-0.024390243902439046,-0.04294117647058826,-0.04147058823529404,0.014117647058823346,0.014117647058823346,-0.06588235294117639,20,13,0.014117647058823346,0.06588235294117639
GOOGL,2023-05-02,2023-05-03,1,ema9_break,6,6,0.2841758905221814,0.2841758905221814,52.62277490946949,52.858951441448845,2.7457024676901756,2.7302951485694487,107.14,105.53,0.0,-0.01502706738846371,0.05894058561546478,0.1450772292239173,0.17236804700085284,0.18497109826589586,-0.007959821851606264,13,1,0.18497109826589586,0.007959821851606264
AMZN,2023-05-02,2023-05-03,1,ema9_break,11,11,0.13836229779471315,0.13836229779471315,51.90507636767242,51.93956040763698,3.471258303191955,3.4147398529639577,101.47,103.74,0.021287079925101038,0.022371144180545866,0.062174667437825404,0.11336032388663964,0.183439367649894,0.183439367649894,0.0025062656641603454,20,1,0.183439367649894,-0.0025062656641603454
COST,2023-05-02,2023-05-03,1,ema9_break,7,7,0.21405731659726673,0.21405731659726673,48.67444452725577,45.353080695311306,8.51600479292749,8.55914730771838,495.0,496.6,0.0,0.003232323232323253,0.006161900926298758,-0.003221908981071331,0.032219089810712864,0.032219089810712864,-0.027869512686266695,20,15,0.032219089810712864,0.027869512686266695
ADBE,2023-05-02,2023-05-03,1,ema9_break,10,10,0.16637471320608962,0.16637471320608962,47.2355313279362,33.70994247437288,8.141490270627173,9.304598108439519,374.355,363.49,0.0,-0.029023253329059306,-0.05356405953396248,-0.01887259621997861,0.17403504910726575,0.17403504910726575,-0.07714104927233212,20,7,0.17403504910726575,0.07714104927233212
NFLX,2023-05-02,2023-05-03,1,ema9_break,9,9,0.16757192534811224,0.16757192534811224,42.356922930172026,43.81023622943054,1.0274294162745805,1.0161844579692534,32.5,31.76,0.0,-0.022769230769230764,0.05604534005037776,0.07052896725440805,0.26920654911838793,0.26920654911838793,0.010075566750629594,20,1,0.26920654911838793,-0.010075566750629594
TSLA,2023-05-02,2023-05-03,1,ema9_break,8,8,0.21032587238486677,0.21032587238486677,37.63075999983849,37.95472614618762,7.8358116442764665,7.639682241113862,161.88,160.01,0.0,-0.011551766740795721,0.05330916817698905,0.08655709018186375,0.29691894256608986,0.29691894256608986,0.007437035185300811,20,1,0.29691894256608986,-0.007437035185300811
NVDA,2023-05-02,2023-05-05,3,ema9_break,2,2,0.5986813132088912,0.5986813132088912,60.174489384357244,61.52522806364453,0.8669807189538311,0.8764200581419708,28.68,27.83,0.0,-0.029637377963737888,0.01832554796981678,0.12324829320876773,0.40747394897592537,0.44125044915558753,0.01832554796981678,16,5,0.44125044915558753,-0.01832554796981678
PEP,2023-04-04,2023-05-17,43,ema9_break,4,3,0.45349447889222605,0.5105821174248523,66.14069200389343,58.32626781580596,2.3039587890183695,2.155511260063338,182.18,193.31,0.07651772971786142,0.06109342408606877,-0.0435569810149502,-0.057524183953235775,-0.03931508975221143,-0.007604366044177691,-0.06828410325384093,2,14,-0.007604366044177691,0.06828410325384093
MSFT,2023-05-02,2023-05-25,23,ema9_break,4,4,0.4195837216192778,0.4195837216192778,66.5664851499547,70.02015587772176,6.879842845374662,5.8674381662739155,307.76,323.24,0.043605406810501846,0.050298934234468407,0.03761910654621947,0.010982551664397988,0.01658210617497846,0.0769087984160377,0.00043311471352547315,14,8,0.0769087984160377,-0.00043311471352547315
PEP,2023-06-02,2023-06-05,3,ema9_break,11,11,0.11766107279805121,0.11766107279805121,39.70122345634708,40.240334499642366,2.397602701030518,2.409202508099765,182.02,183.85,0.011207559608834128,0.010053840237336464,-0.010606472667935796,0.007941256459069956,0.014849061735110247,0.019037258634756693,-0.0203426706554255,12,2,0.019037258634756693,0.0203426706554255
NVDA,2023-06-02,2023-06-08,6,ema9_break,2,2,0.6030491745238677,0.6030491745238677,73.56275314423283,66.8718180346437,1.6644996060918125,1.5900133603078996,40.1,37.72,0.0,-0.05935162094763102,0.13069989395546133,0.11903499469777312,0.11823966065747626,0.1614528101802759,0.027836691410392467,7,1,0.1614528101802759,-0.027836691410392467
GOOGL,2023-06-02,2023-06-08,6,ema9_break,10,10,0.3217063275379402,0.3217063275379402,69.05148278176179,57.307455139640076,2.9236001968947987,3.1604871726237067,123.99,122.23,0.026776352931688008,-0.014194693120412882,0.023398511003845268,0.0008999427309170915,-0.04728789986091797,0.023398511003845268,-0.04728789986091797,5,20,0.023398511003845268,0.04728789986091797
AMZN,2023-06-02,2023-06-08,6,ema9_break,7,7,0.4179104257006657,0.4179104257006657,71.86065414156626,64.40729267074184,3.2355217866291657,3.473056740626708,124.92,123.01,0.01352865834133854,-0.015289785462696104,0.03333062352654248,0.05137793675310953,0.03349321193398902,0.059913828144053216,0.0034143565563775624,17,1,0.059913828144053216,-0.0034143565563775624
MSFT,2023-06-02,2023-06-08,6,ema9_break,9,9,0.3316865478910447,0.3316865478910447,71.82115525099618,57.128987617880036,6.322929729930869,6.18637015869834,334.25,323.94,0.005056095736724053,-0.030845175766641697,0.07458171266283897,0.034203864913255444,0.024356362289312816,0.07458171266283897,0.008797925541767171,5,1,0.07458171266283897,-0.008797925541767171
TSLA,2023-06-02,2023-06-08,6,"exhaustion(rsi=80.3,cp=0.18)",1,1,0.6519538777925536,0.6519538777925536,76.31366201757076,83.4836621123471,8.190563913983132,8.590026445941074,210.15,224.22,0.06861765405662612,0.06695217701641676,0.14128980465614127,0.14441173847114452,0.20243510837570255,0.2598340915172599,0.07506020872357522,17,11,0.2598340915172599,-0.07506020872357522
ADBE,2023-06-02,2023-06-20,18,"exhaustion(rsi=82.1,cp=0.02)",5,5,0.5488586406545334,0.5488586406545334,78.53613366703752,75.6062205452214,12.297584454784715,16.216164712089835,432.0,485.63,0.14625,0.12414351851851846,0.007495418322591263,0.003356464798303316,0.08553837283528609,0.09595782797603114,-0.016782323991516135,19,1,0.09595782797603114,0.016782323991516135
COST,2023-06-02,2023-06-21,19,ema9_break,8,8,0.41604439685487504,0.41604439685487504,62.49816529351976,57.55834675075152,9.370889773583801,7.49721813359258,510.32,517.91,0.03695720332340491,0.0148730208496628,0.02875016894827276,0.03757409588538563,0.07539920063331484,0.07539920063331484,0.010638914097043761,20,3,0.07539920063331484,-0.010638914097043761
NFLX,2023-06-02,2023-06-22,20,ema9_break,4,4,0.5566990249598525,0.5566990249598525,72.58559771736006,63.13795399379697,1.2526218681814856,1.2176133118960002,40.29,42.29,0.10523703152146946,0.04964010920824036,0.012532513596595019,0.035942303144951504,0.010877275951761689,0.12934499881768735,-0.01655237644833285,18,2,0.12934499881768735,0.01655237644833285
GOOGL,2023-07-05,2023-07-07,2,ema9_break,11,11,0.12094449485652081,0.12094449485652081,53.30243043140733,47.140649847217865,2.8321814003538504,2.7820849829581666,119.24,120.1,0.02104998322710494,0.007212344850721308,0.04429641965029152,-0.0006661115736885659,0.06669442131557046,0.10507910074937565,-0.030391340549541956,16,1,0.10507910074937565,0.030391340549541956
AMZN,2023-07-05,2023-07-07,2,ema9_break,7,7,0.2396441692349599,0.2396441692349599,64.250192281765,60.960660397953625,3.0492237939536992,3.0316776590723222,130.24,128.59,0.0010749385749384555,-0.01266891891891897,0.047359825802939515,0.01096508282137032,0.08538766622598959,0.08538766622598959,-0.011353915545532334,20,1,0.08538766622598959,0.011353915545532334
ADBE,2023-07-05,2023-07-07,2,ema9_break,5,5,0.3398308567300847,0.3398308567300847,67.16146446273524,64.42727270575696,13.124903261881396,12.884329853356919,480.99,481.98,0.01303561404602993,0.0020582548493732755,0.06815635503547868,0.07936013942487241,0.09315739242292209,0.1392588904103904,0.02981451512510902,17,1,0.1392588904103904,-0.02981451512510902
PEP,2023-07-05,2023-07-10,5,ema9_break,6,6,0.2638753813696381,0.2638753813696381,54.65664539189957,47.401735734457866,2.3376238574467374,2.425116477700613,185.0,184.07,0.00864864864864856,-0.0050270270270270645,0.008475036670831715,0.037214103330254655,0.015320258597272707,0.040908350084207123,-0.004889444233172169,12,2,0.040908350084207123,0.004889444233172169
MSFT,2023-07-05,2023-07-10,5,ema9_break,10,10,0.22305141340467413,0.22305141340467413,56.76276349585538,49.38703568711347,6.418597141217256,6.605950407891519,335.09,334.6,0.018442806410218227,-0.0014622937121369084,0.03326359832635983,0.03141063956963541,-0.013419007770472224,0.07438732815301852,-0.02372982665869694,6,18,0.07438732815301852,0.02372982665869694
COST,2023-07-05,2023-07-10,5,"atr_trail(stop=526.72),ema9_break",2,2,0.4283944618812364,0.4283944618812364,71.82251379187998,53.182535308313504,7.000958300722771,7.1663029834868555,541.22,525.06,0.0,-0.029858467905842456,0.05313678436750102,0.0740296347084144,0.06351655048946792,0.07829581381175488,0.008722812630937549,12,1,0.07829581381175488,-0.008722812630937549
NFLX,2023-07-05,2023-07-21,16,"atr_trail(stop=44.62),ema9_break",4,4,0.3427882463051039,0.3427882463051039,70.07071785796066,47.339456477254735,1.246741546646977,1.5649965511946184,44.49,43.74,0.07349966284558329,-0.016857720836142898,-0.026520347508001918,-0.013260173754001015,-0.07521719250114312,0.0077732053040693305,-0.07864654778235036,11,19,0.0077732053040693305,0.07864654778235036
TSLA,2023-07-05,2023-07-21,16,"atr_trail(stop=270.57),ema9_break",1,1,0.514622837502373,0.514622837502373,72.36709012703379,48.497419966735556,11.09919291966921,11.44426817281291,278.82,268.0,0.05207660856466534,-0.038806398393228636,-0.00582089552238807,-0.05276119402985069,-0.1959328358208955,0.003955223880597103,-0.1959328358208955,1,20,0.003955223880597103,0.1959328358208955
NVDA,2023-07-05,2023-07-24,19,"atr_trail(stop=44.37),ema9_break",9,9,0.2302048797233868,0.2302048797233868,62.41800850308984,57.6923350048674,1.4279320540057479,1.52547526716743,42.14,44.73,0.1269577598481253,0.06146179401993357,0.044712720769058745,0.015425888665325349,0.05007824726134591,0.05007824726134591,-0.08674267829197402,20,14,0.05007824726134591,0.08674267829197402
NVDA,2023-08-02,2023-08-03,1,ema9_break,4,4,0.3484495188729333,0.3484495188729333,50.71677767741778,51.85826992504941,1.5368920094425003,1.5213997230537504,45.83,43.8,0.0,-0.044294130482216865,-0.03219178082191776,-0.010502283105022658,0.12694063926940635,0.12694063926940635,-0.06735159817351588,20,6,0.12694063926940635,0.06735159817351588
PEP,2023-08-02,2023-08-03,1,ema9_break,11,11,0.12692288467264962,0.12692288467264962,52.3994046281383,49.32927145043162,2.6573836499203005,2.628284817783136,186.59,188.17,0.009218071708023023,0.008467763545741969,-0.02348939788489124,-0.05165541797310946,-0.054472019981931186,-0.006802359568475302,-0.06626986235850563,2,13,-0.006802359568475302,0.06626986235850563
AMZN,2023-08-02,2023-08-03,1,ema9_break,7,7,0.22865751680951163,0.22865751680951163,47.4217684057034,48.953829930465616,3.221104387884686,3.2360255030357807,130.15,127.48,0.0,-0.02051479062620054,0.08691559460307507,0.050988390335738876,0.08260119234389696,0.11562598054596784,0.03420144336366482,2,15,0.11562598054596784,-0.03420144336366482
MSFT,2023-08-02,2023-08-03,1,ema9_break,9,9,0.17779555146182358,0.17779555146182358,41.891630064016276,41.36375939137556,8.672623739130128,8.333864900620833,333.63,326.0,0.0,-0.022869646015046596,-0.009417177914110453,-0.027975460122699358,0.005398773006134894,0.012607361963190122,-0.029202453987730026,2,11,0.012607361963190122,0.029202453987730026
COST,2023-08-02,2023-08-03,1,ema9_break,8,8,0.2048683238763181,0.2048683238763181,56.100119671223865,60.89682545162789,6.823651401591282,6.916962015763334,552.26,553.53,0.00016296671857474188,0.0022996414732190384,0.01438043105161424,-0.011598287355698789,-0.007677993965999996,0.017036113670442443,-0.039419724314851856,6,15,0.017036113670442443,0.039419724314851856
NFLX,2023-08-02,2023-08-03,1,ema9_break,6,6,0.2548067517175272,0.2548067517175272,49.10990215332462,49.730052884912475,1.410435616435755,1.4146902152617724,43.52,42.78,0.0,-0.017003676470588314,0.005142589995324798,-0.05797101449275377,0.013791491351098584,0.03038803179055627,-0.05797101449275377,2,10,0.03038803179055627,0.05797101449275377
TSLA,2023-08-02,2023-08-03,1,ema9_break,10,10,0.1440681838601818,0.1440681838601818,44.884079103498614,48.16245041073582,10.61921931206951,10.46713221835026,255.57,252.04,0.0,-0.013812262785146912,-0.02658308205046811,-0.13021742580542772,0.02396445008728776,0.02396445008728776,-0.14501666402158386,20,11,0.02396445008728776,0.14501666402158386
ADBE,2023-08-02,2023-08-04,2,ema9_break,1,1,0.5345518129820999,0.5345518129820999,60.61462780672981,58.2707199101112,14.355876515856885,13.919990465203133,539.32,526.74,0.0,-0.02332566936141811,-0.034723013251319435,-0.03533052359798006,0.06923719482097423,0.06923719482097423,-0.03533052359798006,20,10,0.06923719482097423,0.03533052359798006
GOOGL,2023-08-02,2023-08-07,5,ema9_break,2,2,0.45938123679156223,0.45938123679156223,58.14776303416407,63.39531765810007,3.394356068214328,3.327817158114751,129.45,129.16,0.0,-0.002240247199690959,0.016800867141530063,-0.0061164447197273875,0.05117683493341607,0.05427376896872094,-0.013161969650046457,18,9,0.05427376896872094,0.013161969650046457
PEP,2023-09-05,2023-09-06,1,ema9_break,11,11,0.0814167321078394,0.0814167321078394,32.367120274271116,34.36024855109716,2.5213806595868524,2.449139183902079,175.27,174.92,0.0,-0.001996919039196743,0.027212439972559066,0.019780471072490258,-0.03435856391493253,0.03607363366110228,-0.041276011891150266,6,19,0.03607363366110228,0.041276011891150266
NVDA,2023-09-05,2023-09-07,2,ema9_break,2,2,0.41421100051066007,0.41421100051066007,61.129233605221316,50.48903407000661,1.8592538766743714,1.8702240059080042,48.22,45.53,0.006843633347158873,-0.05578598092077969,0.0010981770261364598,-0.09905556775752244,-0.01844937403909519,0.0010981770261364598,-0.09905556775752244,5,10,0.0010981770261364598,0.09905556775752244
AMZN,2023-09-05,2023-09-07,2,ema9_break,7,7,0.2474522438037985,0.2474522438037985,56.207621929188235,56.6079104729292,3.096144576709303,3.2058593544075107,137.73,133.9,0.0,-0.027808030204022227,0.0808065720687079,-0.0341299477221807,-0.059297983569828294,0.0817774458551157,-0.06855862584017924,4,18,0.0817774458551157,0.06855862584017924
TSLA,2023-09-05,2023-09-11,6,ema9_break,6,6,0.2664810787901783,0.2664810787901783,55.85706369899212,63.09714430155993,10.874719517227623,11.861990944698517,245.0,264.27,0.046897959183673565,0.07865306122448978,0.003821848866689237,-0.0653876716993983,-0.01740644038294159,0.044537783327657454,-0.08994588867446163,3,12,0.044537783327657454,0.08994588867446163
ADBE,2023-09-05,2023-09-13,8,ema9_break,1,1,0.5720675136993933,0.5720675136993933,68.68957181108675,57.531449150769376,13.514217780047765,13.78197878258296,557.88,557.02,0.012547501254750015,-0.0015415501541550247,-0.038131485404473864,-0.09769846684140593,-0.012764353165056974,-0.008725000897633839,-0.09769846684140593,1,10,-0.008725000897633839,0.09769846684140593
NFLX,2023-09-05,2023-09-13,8,ema9_break,5,5,0.30576420355960965,0.30576420355960965,61.49233750800748,40.611578306502814,1.2415854538171298,1.259707359491157,43.84,43.55,0.023494525547445022,-0.006614963503649762,-0.11297359357060843,-0.13295063145809416,-0.15981630309988504,-0.08036739380022961,-0.15981630309988504,1,20,-0.08036739380022961,0.15981630309988504
MSFT,2023-09-05,2023-09-18,13,ema9_break,9,9,0.16818498195779272,0.16818498195779272,57.48572419847256,48.54851841835312,6.322010791074471,5.949798632548728,329.0,327.8,0.02948328267477196,-0.0036474164133738496,-0.03129957291031116,-0.018303843807199516,0.014765100671140896,0.014765100671140896,-0.047773032336790755,20,6,0.014765100671140896,0.047773032336790755
GOOGL,2023-09-05,2023-09-21,16,ema9_break,3,3,0.3681803176407865,0.3681803176407865,64.66732208269886,41.67181158444601,2.9938034425678395,2.7864653175201637,135.44,131.44,0.02045186060248083,-0.02953337271116363,0.006618989653073726,0.027617163724893423,0.048006695069994,0.06930919050517348,-0.0218350578210591,14,3,0.06930919050517348,0.0218350578210591
COST,2023-09-05,2023-09-22,17,ema9_break,8,8,0.18013021234209076,0.18013021234209076,48.48492792690822,54.73174534951764,7.658607717106665,7.478323763408264,545.73,555.16,0.03488904769757939,0.017279607131731822,0.017652568628863774,0.004269039556163978,-0.004016860004323108,0.03508898335614963,-0.004016860004323108,18,20,0.03508898335614963,0.004016860004323108
PEP,2023-10-03,2023-10-04,1,ema9_break,10,10,0.15012638130431405,0.15012638130431405,24.63573916632417,30.23450121575563,2.4555571820027846,2.4280173832882994,168.86,168.45,0.0,-0.002428046902759884,-0.034609676461857974,-0.038112199465716756,-0.021252597209854507,-0.021252597209854507,-0.06156129415256739,20,6,-0.021252597209854507,0.06156129415256739
AMZN,2023-10-03,2023-10-04,1,ema9_break,7,7,0.1791890614158415,0.1791890614158415,35.933371639412215,40.731911069451996,3.792603604851503,3.7102747759335384,128.06,126.06,0.0,-0.01561767921286894,0.04577185467237821,0.01642075202284632,0.08678407107726471,0.08678407107726471,-0.0514834205933683,20,16,0.08678407107726471,0.0514834205933683
MSFT,2023-10-03,2023-10-04,1,ema9_break,6,6,0.2106598781414749,0.2106598781414749,39.56713138134667,46.14342121806831,6.409408479331231,6.426593587950431,320.83,314.03,0.0,-0.021195025402861334,0.05856128395376259,0.051205298856797254,0.10202846861764803,0.10202846861764803,0.01697290067827928,20,1,0.10202846861764803,-0.01697290067827928
ADBE,2023-10-03,2023-10-04,1,ema9_break,8,8,0.17654944732506495,0.17654944732506495,41.14176982219679,47.19248953915821,13.46579648084643,13.413239589357401,517.52,511.93,0.0,-0.01080151491729786,0.0741898306409079,0.08973883148086648,0.06362197956751903,0.09407536186588006,-0.0074424237688746064,9,17,0.09407536186588006,0.0074424237688746064
NFLX,2023-10-03,2023-10-04,1,ema9_break,11,11,0.14512201886826645,0.14512201886826645,32.29083413780228,32.39505891996279,1.0962725592151754,1.065110233556949,37.71,37.65,0.0,-0.0015910898965791898,-0.028154050464807345,-0.08047808764940245,0.11606905710491389,0.11606905710491389,-0.08047808764940245,20,10,0.11606905710491389,0.08047808764940245
TSLA,2023-10-03,2023-10-04,1,ema9_break,3,3,0.26052595682432445,0.26052595682432445,45.74219592502645,55.28900904835089,10.050385367570613,10.427500698458427,248.61,248.14,0.0,-0.001890511242508497,0.05984524864995566,-0.022003707584428045,-0.17119368098653986,0.06238413798662057,-0.2046425405013298,4,18,0.06238413798662057,0.2046425405013298
AAPL,2023-10-03,2023-10-04,1,ema9_break,9,9,0.16949621455151814,0.16949621455151814,41.791997678359444,44.62607130605349,3.521815447975799,3.5016857731203856,172.26,171.09,0.0008127249506559853,-0.006792058516196353,0.05090887836811042,0.027763165585364513,0.01683324566017874,0.05622771640656965,-0.0245484832544276,6,16,0.05622771640656965,0.0245484832544276
META,2023-10-03,2023-10-04,1,ema9_break,2,2,0.3237305151448727,0.3237305151448727,50.4083885784591,54.18730849482977,8.674465192408015,8.65486053580744,304.26,298.73,0.0,-0.018175244856372785,0.09737890402704785,0.06105848090248722,0.04391925819301701,0.09737890402704785,-0.034747096039902226,5,16,0.09737890402704785,0.034747096039902226
COST,2023-10-03,2023-10-09,6,ema9_break,1,1,0.4345353139943313,0.4345353139943313,55.96202277824016,49.541761854553144,8.951932412281138,10.297160860765349,571.1,555.0,0.0012257047802484156,-0.028191209945718776,0.031063063063063057,-0.004882882882882966,0.026702702702702696,0.03538738738738734,-0.021567567567567614,7,14,0.03538738738738734,0.021567567567567614
NVDA,2023-10-03,2023-10-18,15,ema9_break,5,5,0.22552823582671747,0.22552823582671747,47.2267523393907,39.823695530028054,1.532888491400226,1.6241028266333943,44.81,42.59,0.047757197054228984,-0.0495425128319571,-0.01901854895515387,-0.006104719417703852,0.14792204742897397,0.1660014087814039,-0.053064099553886024,19,6,0.1660014087814039,0.053064099553886024
GOOGL,2023-10-03,2023-10-19,16,ema9_break,4,4,0.2408357485790965,0.2408357485790965,49.39909464977039,54.859647160453896,2.8972457367458735,2.891397232901052,133.94,138.5,0.0493504554278037,0.03404509481857554,-0.11711191335740068,-0.07949458483754512,-0.011335740072202172,0.002238267148014561,-0.11790613718411547,3,6,0.002238267148014561,0.11790613718411547
GOOGL,2023-11-02,2023-11-03,1,ema9_break,10,10,0.18678603685812847,0.18678603685812847,42.4232633057594,45.67913111800187,3.470403936260286,3.368232226527409,128.42,128.02,0.0,-0.0031147796293410357,0.035697547258240814,0.05694422746445871,0.009764099359474976,0.08178409623496319,0.009764099359474976,13,20,0.08178409623496319,-0.009764099359474976
TSLA,2023-11-02,2023-11-10,8,ema9_break,11,11,0.18469036496184457,0.18469036496184457,43.17245654400322,42.41200435729776,11.045870350987427,10.614827554085576,212.97,210.03,0.043245527539089945,-0.013804761233976559,0.11555492072561058,0.12402990049040619,0.14145598247869362,0.17468933009570065,0.06513355234966434,11,1,0.17468933009570065,-0.06513355234966434
PEP,2023-11-02,2023-11-20,18,ema9_break,7,7,0.23759393575130036,0.23759393575130036,55.07979257892051,51.41412508430579,2.770309757610293,2.4309506102020304,164.74,166.0,0.020456476872647844,0.007648415685322263,0.017228915662650612,0.011686746987951802,0.011746987951807064,0.03620481927710828,-0.001927710843373398,16,13,0.03620481927710828,0.001927710843373398
COST,2023-11-02,2023-11-20,18,ema9_break,8,8,0.23105118079348475,0.23105118079348475,48.52409987547426,57.649709076348245,8.9733124884572,9.643048830534104,556.5,577.34,0.07238095238095243,0.037448337825696454,0.0288564797173243,0.04851560605535732,0.17390099421484728,0.17996327986974747,0.01205528804517253,19,1,0.17996327986974747,-0.01205528804517253
NVDA,2023-11-02,2023-11-24,22,ema9_break,9,9,0.22292134730257313,0.22292134730257313,51.687757228208476,55.07185252821027,1.6380001705238785,1.4707472592904567,43.33,48.47,0.1633971843987998,0.11862450957765991,-0.03507324118011135,-0.01980606560759235,0.0074272746028472,0.0332164225293996,-0.06127501547348868,16,8,0.0332164225293996,0.06127501547348868
META,2023-11-02,2023-11-28,26,ema9_break,6,6,0.24074494268336355,0.24074494268336355,52.31272179647834,62.74635885726907,10.137391432766734,7.423299039432248,317.3,333.4,0.07623699968484088,0.05074062401512758,-0.04532093581283736,0.0024595080983804696,0.07327534493101373,0.07327534493101373,-0.0478404319136172,20,6,0.07327534493101373,0.0478404319136172
ADBE,2023-11-02,2023-12-01,29,ema9_break,4,4,0.3352069182931539,0.3352069182931539,60.41014758428762,63.34801839257625,15.34230219768627,13.52483483025559,550.44,609.24,0.13240316837439137,0.1068236320034881,0.0012638697393474452,-0.040312520517366,-0.04787932506073134,0.04008272601930263,-0.04787932506073134,7,20,0.04008272601930263,0.04787932506073134
MSFT,2023-11-02,2023-12-04,32,ema9_break,2,5,0.4764312295422333,0.29172316616801647,65.22233463320309,54.623655102919024,7.517333372975592,6.700853174616721,347.24,369.1,0.10211957147794037,0.06295357677686897,0.005960444324031311,0.009617989704686858,0.004063939311839571,0.01880249254944455,-0.00858845841235445,18,8,0.01880249254944455,0.00858845841235445
NFLX,2023-11-02,2023-12-04,32,ema9_break,1,1,0.5048736563689755,0.3722211947127473,64.21251186453736,52.65401231152845,1.270452046047585,0.9187380292830569,42.12,46.1,0.13865147198480532,0.09449192782526117,-0.0023861171366593714,0.05444685466377441,0.020173535791756958,0.07375271149674623,-0.031019522776572606,11,2,0.07375271149674623,0.031019522776572606
AMZN,2023-11-02,2023-12-05,33,ema9_break,3,7,0.4631303368549154,0.2495681061525327,61.16000392217086,60.45263357753664,4.120704791280694,3.3725974840626924,138.73,143.55,0.06487421610322208,0.034743746846392476,0.027377220480668596,0.07133402995471938,0.007105538140020684,0.07328456983629383,0.006757227446882563,9,1,0.07328456983629383,-0.006757227446882563
AAPL,2023-11-02,2023-12-05,33,ema9_break,5,2,0.27076438616950577,0.3407317356998037,56.66920701750408,68.21045342705466,3.32009731583712,2.8546129429724125,175.52,190.21,0.09075888787602548,0.08369416590701917,0.023658062141843184,0.03538194626991209,-0.04363598128384427,0.041533042426791456,-0.04363598128384427,7,20,0.041533042426791456,0.04363598128384427
NVDA,2023-12-04,2023-12-05,1,ema9_break,11,11,0.11804453902431541,0.11804453902431541,43.37329335302515,48.8051674795586,1.3837510529026644,1.3799116919810455,46.08,45.47,0.0,-0.01323784722222221,0.04816362436771482,0.09082911809984617,0.05564108203210916,0.10138552892016706,0.0006597756762700691,9,1,0.10138552892016706,-0.0006597756762700691
GOOGL,2023-12-04,2023-12-05,1,ema9_break,9,9,0.16101103752850865,0.16101103752850865,39.73233314963711,44.36674295549211,2.83502215677767,2.9103777170078353,129.88,128.95,0.0,-0.007160455805358845,0.027685149282667965,0.059713067080263915,0.0576967816983327,0.0974796432725864,0.008297789841023917,14,1,0.0974796432725864,-0.008297789841023917
ADBE,2023-12-04,2023-12-05,1,ema9_break,4,4,0.31320353766782416,0.31320353766782416,57.78350318706002,56.21047814608647,13.72020377095162,13.696617787312219,604.91,596.77,0.0,-0.01345654725496348,0.06181611005915166,0.01318766023761242,-0.04980143103708301,0.06181611005915166,-0.04980143103708301,5,20,0.06181611005915166,0.04980143103708301
TSLA,2023-12-04,2023-12-05,1,ema9_break,6,6,0.2548833559529975,0.2548833559529975,51.48719984304905,53.8338454686022,9.803722053312338,10.029170478075745,235.75,233.87,0.0,-0.00797454931071051,0.01342626245349976,0.09984179244879643,0.017360071834779944,0.11788600504553814,0.01342626245349976,15,5,0.11788600504553814,-0.01342626245349976
PEP,2023-12-04,2023-12-06,2,ema9_break,8,8,0.2333369353822297,0.2333369353822297,57.590391447927665,50.565291898051534,2.2007063140466196,2.1344865667034623,168.4,167.98,0.004394299287410863,-0.002494061757719823,0.023990951303726638,-0.013632575306584016,0.005714966067388971,0.029586855578044968,-0.013692106203119336,18,2,0.029586855578044968,0.013692106203119336
COST,2023-12-04,2024-01-02,29,"atr_trail(stop=660.48),ema9_break",3,3,0.3396467743140055,0.3396467743140055,64.97837993718545,57.52792354690148,8.53688047710717,10.394147813356726,592.15,655.58,0.15045174364603575,0.10711812885248673,0.017694255468440057,0.04364074559931663,0.05994691723359469,0.06888556697885839,-0.01661124500442357,19,1,0.06888556697885839,0.01661124500442357
NVDA,2024-01-03,2024-01-04,1,ema9_break,5,5,0.19707507645590872,0.19707507645590872,46.73131742916795,49.24469141150325,1.22490453592414,1.2081256405009875,47.49,47.77,0.0016845651716150822,0.005895978100652899,0.14758216453841322,0.24534226501988687,0.3849696462214778,0.3849696462214778,0.027841741678877874,20,1,0.3849696462214778,-0.027841741678877874
AMZN,2024-01-03,2024-01-04,1,ema9_break,7,7,0.17970968015223307,0.17970968015223307,48.915089069289344,40.22499255564028,2.882937800791863,2.992727957878158,149.2,145.59,0.0,-0.024195710455763964,0.06586990864757203,0.0669688852256336,0.1800947867298579,0.1800947867298579,-0.002404011264509842,20,1,0.1800947867298579,0.002404011264509842
MSFT,2024-01-03,2024-01-04,1,ema9_break,9,9,0.14187009200552847,0.14187009200552847,49.60577004087089,45.91585781023984,5.386793753763384,5.425594199923143,369.01,370.67,0.004308826319070036,0.004498523075255445,0.03766153182075693,0.0755388890387676,0.10939649823292963,0.10939649823292963,-0.007877626999757248,20,1,0.10939649823292963,0.007877626999757248
COST,2024-01-03,2024-01-04,1,ema9_break,2,2,0.3153047191981087,0.3153047191981087,54.18882663897631,55.882316251211996,10.533851540974105,10.452147859475954,651.21,642.08,0.0,-0.014020054974585805,0.049059307251432926,0.08237291303264382,0.10497134313481182,0.10497134313481182,0.02169511587341133,20,1,0.10497134313481182,-0.02169511587341133
ADBE,2024-01-03,2024-01-04,1,ema9_break,11,11,0.0847313398068831,0.0847313398068831,37.19557974402092,35.37973948158401,12.9532812915465,12.474475485007464,574.58,570.99,0.0,-0.006248042048104807,0.046410620150965975,0.07103451899332724,0.11168321686894678,0.11168321686894678,-0.011191089160931034,20,1,0.11168321686894678,0.011191089160931034
NFLX,2024-01-03,2024-01-04,1,ema9_break,6,6,0.18100021051308096,0.18100021051308096,48.67405166356249,51.50892554194233,1.0537499549293852,1.0799106724344292,46.73,47.3,0.006419858763107245,0.012197731649903787,0.04059196617336158,0.02114164904862581,0.19365750528541237,0.21733615221987312,0.0023255813953488857,16,1,0.21733615221987312,-0.0023255813953488857
TSLA,2024-01-03,2024-01-04,1,ema9_break,8,8,0.17194459155650804,0.17194459155650804,44.40035525018124,44.03803375615789,8.875335025739531,8.596382523900994,244.98,239.25,0.0,-0.02338966446240509,-0.05028213166144202,-0.11310344827586205,-0.21458725182863114,0.005015673981191071,-0.2366562173458725,2,14,0.005015673981191071,0.2366562173458725
GOOGL,2024-01-03,2024-01-05,2,ema9_break,4,4,0.2840092974463727,0.2840092974463727,56.794626044443504,47.62085339339947,2.7211288379631253,2.6762284368151437,137.25,136.75,0.01216757741347907,-0.0036429872495445936,0.043144424131627,0.06756855575868381,0.050676416819012804,0.1225594149908591,0.015283363802559347,15,1,0.1225594149908591,-0.015283363802559347
PEP,2024-01-03,2024-01-08,5,"atr_trail(stop=170.37),ema9_break",1,1,0.4768002166581724,0.4768002166581724,63.631240866883715,50.52166133448262,2.124639720632387,2.2873336247191505,175.0,168.94,0.0,-0.03462857142857145,-0.01639635373505388,-0.0076950396590506065,0.014679767964957957,0.016337161122291777,-0.022670770687818087,17,9,0.016337161122291777,0.022670770687818087
GOOGL,2024-02-02,2024-02-05,3,ema9_break,10,10,0.14810536150197043,0.14810536150197043,48.04887737449774,50.5189502192555,3.509354918361789,3.4794009956216616,139.26,142.82,0.022404136148211906,0.025563693810139343,0.03297857442935159,-0.011903094804649128,-0.07106847780422909,0.043271250525136695,-0.07106847780422909,4,20,0.043271250525136695,0.07106847780422909
TSLA,2024-02-02,2024-02-05,3,ema9_break,11,11,0.11469738687788214,0.11469738687788214,27.596038050139356,24.481735120039446,8.499333775026663,8.813667076810473,185.04,184.26,0.015510159965412829,-0.0042153047989623715,0.02100293064148495,0.05155758167806357,-0.019103440790187665,0.09975035276240085,-0.019103440790187665,18,20,0.09975035276240085,0.019103440790187665
ADBE,2024-02-02,2024-02-07,5,ema9_break,6,6,0.3563024864809177,0.3563024864809177,63.13645916212848,52.75493219114642,14.394746448902348,14.816464266850753,624.79,613.25,0.01595736167352224,-0.01847020598921234,-0.014007337953526378,-0.1234080717488788,-0.09328984916428873,0.02276396249490431,-0.1234080717488788,2,10,0.02276396249490431,0.1234080717488788
PEP,2024-02-02,2024-02-12,10,"atr_trail(stop=168.69),ema9_break",7,7,0.3486444640314827,0.3486444640314827,58.2486703626024,53.348932855044794,2.2817619382199266,2.673207274559468,171.24,167.86,0.015241765942536789,-0.019738378883438434,0.004706302871440471,0.0017872036220658583,-0.019778386750863963,0.010365781007982688,-0.03467175026808067,8,15,0.010365781007982688,0.03467175026808067
NVDA,2024-02-02,2024-02-13,11,"exhaustion(rsi=82.5,cp=0.30)",1,1,0.5660009453487358,0.5660009453487358,81.90202177052971,81.91412224013487,1.7610403491905786,2.240016182451075,63.97,70.4,0.12943567297170544,0.10051586681256852,-0.0416193181818183,0.10312499999999991,0.29105113636363633,0.3163352272727271,-0.0416193181818183,16,5,0.3163352272727271,0.0416193181818183
MSFT,2024-02-02,2024-02-14,12,"atr_trail(stop=406.39),ema9_break",8,8,0.33558740159891653,0.33558740159891653,68.83429214407766,57.68110023248199,7.05146207939577,6.948470368247312,403.81,408.07,0.041455139793467266,0.010549515861419945,0.008773004631558168,0.013649618937927377,0.04202710319307967,0.04202710319307967,-0.014654348518636562,20,14,0.04202710319307967,0.014654348518636562
NFLX,2024-02-02,2024-02-14,12,ema9_break,3,3,0.48899661985091597,0.48899661985091597,72.93436794043559,72.05103341104832,1.4773519683597216,1.4302439256744601,56.45,56.73,0.0001771479185119773,0.0049601417183346985,0.03736999823726439,0.06275339326634932,0.08055702450202706,0.09166225982725185,0.010752688172043223,11,4,0.09166225982725185,-0.010752688172043223
AMZN,2024-02-02,2024-02-21,19,ema9_break,4,4,0.4721217275686652,0.4721217275686652,73.77896793587122,58.065977719515004,3.8799845545076836,3.756553612117066,169.19,168.94,0.03108930787871622,-0.0014776287014598433,0.02497928258553328,0.027051024032200832,0.054516396353735175,0.05806795311945079,0.017876169054102053,16,13,0.05806795311945079,-0.017876169054102053
GOOGL,2024-03-04,2024-03-05,1,ema9_break,10,10,0.10318817357039428,0.10318817357039428,35.12117099597205,34.25229955778258,3.167424141512663,3.132608131404616,135.66,131.88,0.0,-0.02786377708978327,0.050197148923263546,0.11487716105550505,0.17470427661510457,0.17902638762511391,-0.0036396724294812666,18,1,0.17902638762511391,0.0036396724294812666
PEP,2024-03-04,2024-03-05,1,ema9_break,11,11,0.09065955170764213,0.09065955170764213,42.18090431491126,34.98992710173846,2.3839301737366854,2.477220875612636,164.45,165.22,0.005594405594405716,0.00468227424749168,-0.00411572448856079,0.0398256869628375,0.02699431061614832,0.05925432756324889,-0.013436629947948142,17,1,0.05925432756324889,0.013436629947948142
TSLA,2024-03-04,2024-03-05,1,ema9_break,7,7,0.2211697962670896,0.2211697962670896,40.339254739854525,35.66183339319136,8.30303149101692,8.46495781308714,198.73,183.05,0.0,-0.07890102148643874,-0.030101065282709727,-0.06408085222616777,-0.08014203769461903,-0.01759082217973229,-0.11226440863152154,16,7,-0.01759082217973229,0.11226440863152154
AMZN,2024-03-04,2024-03-06,2,ema9_break,5,5,0.3742551741070071,0.3742551741070071,66.50677690750129,57.23226156213897,3.374322712335798,3.421941522371174,177.53,175.54,0.00028164253928930627,-0.011209373063707617,0.005810641449242482,0.01486840606129669,0.025407314572177375,0.039136379172838076,-0.020394212145379842,19,3,0.039136379172838076,0.020394212145379842
MSFT,2024-03-04,2024-03-06,2,ema9_break,6,6,0.32409305562098567,0.32409305562098567,60.81555123998047,46.3522233383629,6.312615512668433,6.873734804290644,413.44,402.97,0.0035797213622290602,-0.02532410990712064,0.030101496389309368,0.055239844157133344,0.03700027297317421,0.06551356180360823,0.003846440181651145,11,3,0.06551356180360823,-0.003846440181651145
ADBE,2024-03-04,2024-03-06,2,ema9_break,8,8,0.2054758476458307,0.2054758476458307,45.22724805994307,37.100127454676006,15.495071051285626,16.148964324833017,572.85,548.0,0.0,-0.04337959326176144,0.046624087591240704,-0.052664233576642405,-0.11111313868613137,0.056824817518248194,-0.11111313868613137,4,20,0.056824817518248194,0.11111313868613137
NFLX,2024-03-04,2024-03-06,2,ema9_break,2,2,0.5111896790292126,0.5111896790292126,70.93839927302741,60.40606803678573,1.384947408746461,1.4541638371334278,62.16,60.3,0.0,-0.02992277992277992,0.010779436152570598,0.040961857379767874,0.023383084577114577,0.04494195688225533,-0.0034825870646765233,19,3,0.04494195688225533,0.0034825870646765233
COST,2024-02-02,2024-03-11,38,"atr_trail(stop=756.95),ema9_break",5,4,0.3905016002889525,0.38089529480347906,70.46236099398601,43.35169316819924,9.963183973075594,14.338720468176676,703.34,719.81,0.11694201950692418,0.023416839650808763,0.016295966991289434,0.01549019880246183,-0.0016948917075337855,0.031605562579013924,-0.020741584584820894,8,17,0.031605562579013924,0.020741584584820894
NVDA,2024-03-04,2024-03-28,24,ema9_break,1,1,0.5355082188885354,0.5355082188885354,78.23513240831029,59.98772843290775,3.1088282722730423,3.727886874104871,84.13,90.0,0.12920480209200047,0.06977297040294794,-0.02211111111111108,-0.02011111111111119,-0.025111111111111195,0.006888888888888944,-0.15333333333333332,9,15,0.006888888888888944,0.15333333333333332
NVDA,2024-04-02,2024-04-03,1,ema9_break,5,5,0.2740428205702243,0.2740428205702243,57.58037935197278,56.27089637217421,3.6110351108353225,3.493818317204228,88.45,88.48,0.011305822498586693,0.0003391746749576985,-0.016274864376130127,-0.05018083182640143,-0.061482820976491825,0.02418625678119346,-0.13878842676311032,6,12,0.02418625678119346,0.13878842676311032
PEP,2024-04-02,2024-04-03,1,ema9_break,3,3,0.3193294545231151,0.3193294545231151,55.74191558585935,49.89568639963157,2.306232241691384,2.337215652999143,172.94,170.0,0.0,-0.017000115647045178,-0.006176470588235339,-0.0030588235294117805,0.030294117647058805,0.043588235294117705,-0.01794117647058835,15,8,0.043588235294117705,0.01794117647058835
MSFT,2024-04-02,2024-04-03,1,ema9_break,4,4,0.29754989209467214,0.29754989209467214,55.13380759414095,53.94997956121888,6.561697149324724,6.390861638658674,420.11,419.73,0.003165837518745107,-0.0009045250053557607,0.008410168441617127,-0.01879779858480457,-0.05906177780954425,0.019536368617921074,-0.07242751292497562,6,19,0.019536368617921074,0.07242751292497562
COST,2024-04-02,2024-04-03,1,ema9_break,10,10,0.11964317109764067,0.11964317109764067,39.380520786030715,37.05780471932339,11.522148514260737,11.701280763242112,720.0,709.98,0.0,-0.013916666666666688,0.017746978788134804,0.007338234879855854,0.017239922251331086,0.031507929800839385,-0.0071833009380546375,6,1,0.031507929800839385,0.0071833009380546375
ADBE,2024-04-02,2024-04-03,1,ema9_break,11,11,0.11494918030609835,0.11494918030609835,35.766665749917465,35.11313960690103,15.888386278234275,15.074930115503255,494.4,497.36,0.00972896440129456,0.005987055016181353,-0.020387646774971846,-0.04606321376869882,-0.056236930995657075,-0.00967106321376865,-0.06942657230175331,4,19,-0.00967106321376865,0.06942657230175331
NFLX,2024-04-02,2024-04-03,1,ema9_break,6,6,0.18672006883578182,0.18672006883578182,55.135365309339385,62.463272030859486,1.342957209463477,1.3820316945018,61.1,61.28,0.005237315875613824,0.0029459901800328314,0.009464751958224493,0.001468668407310636,-0.09970626631853785,0.03818537859007831,-0.10150130548302871,2,19,0.03818537859007831,0.10150130548302871
TSLA,2024-04-02,2024-04-03,1,ema9_break,7,7,0.14941561339690104,0.14941561339690104,37.95950359212652,39.96343547830596,7.800008617133414,7.638579430195312,164.75,164.02,0.011411229135052992,-0.004430955993930175,0.04718936715034738,-0.052249725643214395,0.09736617485672472,0.1830874283623949,-0.13394707962443608,18,13,0.1830874283623949,0.13394707962443608
GOOGL,2024-04-02,2024-04-05,3,ema9_break,1,1,0.5735426392970828,0.5735426392970828,68.32318395990382,60.58420120474796,3.3725308232149938,3.414307659840869,153.5,150.03,0.009250814332247392,-0.022605863192182385,0.05132306871958936,0.027061254415783553,0.11471039125508242,0.1461041125108311,0.027061254415783553,15,10,0.1461041125108311,-0.027061254415783553
AMZN,2024-04-02,2024-04-16,14,ema9_break,2,2,0.33492885160771774,0.33492885160771774,62.0694227038188,56.225839372242454,3.199076514938793,3.6138535859363814,179.07,183.27,0.05573239515273376,0.023454514994136533,-0.02035248540404877,-0.04512467943471388,0.02073443553227472,0.03399356141212406,-0.05238173187101014,17,7,0.03399356141212406,0.05238173187101014
MSFT,2024-05-02,2024-05-03,1,ema9_break,9,9,0.10797686060826507,0.10797686060826507,41.80297302268098,48.82303098837884,8.759892541317097,8.79918593122302,397.66,402.28,0.00045264799074584694,0.011617965095810368,0.030973451327433787,0.04457094561002295,0.02794073779457107,0.07019986079347729,0.017549965198369266,13,2,0.07019986079347729,-0.017549965198369266
META,2024-05-02,2024-05-03,1,ema9_break,10,10,0.09126353483386618,0.09126353483386618,35.22706331149455,40.47042151567051,18.909499986477986,18.45096427315813,438.84,445.93,0.00647160696381377,0.016156230061070254,0.06788060906420279,0.0582602650640236,0.07077343977754347,0.079855582714776,0.04193483282129473,8,12,0.079855582714776,-0.04193483282129473
TSLA,2024-05-02,2024-05-09,7,ema9_break,2,2,0.3427421760345034,0.3427421760345034,55.97065238048807,49.49244101817576,9.824294703615443,8.74928681760109,182.86,175.01,0.010390462649020993,-0.042929016734113645,-0.0009713730643962082,-0.007256728186960659,0.014113479229758363,0.06622478715501967,-0.037369293183246666,8,1,0.06622478715501967,0.037369293183246666
ADBE,2024-05-02,2024-05-10,8,ema9_break,11,11,0.07245039933057898,0.07245039933057898,43.96450092430613,47.05860492096716,11.770947728248672,10.79803339186376,474.3,483.5,0.0406704617330802,0.01939700611427364,-0.00014477766287490645,-0.01669079627714576,-0.04872802481902794,0.003826266804550116,-0.0919958634953465,3,15,0.003826266804550116,0.0919958634953465
AMZN,2024-05-02,2024-05-16,14,ema9_break,4,4,0.29696045960857353,0.29696045960857353,56.95515200829912,50.44292773509734,5.238389092192815,4.350200308186736,180.85,185.6,0.047829693115841954,0.02626486038153164,-0.024515086206896464,-0.04935344827586208,-0.010452586206896486,0.008782327586206895,-0.04935344827586208,17,10,0.008782327586206895,0.04935344827586208
GOOGL,2024-05-02,2024-05-24,22,ema9_break,3,3,0.32303160353808913,0.32303160353808913,62.46693495462209,63.249743168051765,4.6537995111626325,3.5574536574848192,164.79,174.98,0.07925238181928518,0.06183627647308687,-0.010344039318779252,0.0001714481655046285,0.051720196593896484,0.051720196593896484,-0.01640187449994268,20,3,0.051720196593896484,0.01640187449994268
PEP,2024-05-02,2024-05-24,22,ema9_break,1,1,0.36038189378139257,0.36038189378139257,57.68915870906652,51.03053952401225,2.984784707003434,2.365295983982919,175.58,179.37,0.04288643353457111,0.021585602004783988,-0.045381055917935065,-0.07509616992808166,-0.06701232090093112,-0.03055137425433474,-0.08942409544516916,6,13,-0.03055137425433474,0.08942409544516916
AAPL,2024-05-02,2024-05-24,22,ema9_break,8,8,0.10871342645494816,0.10871342645494816,54.15572347658747,63.69640464469523,3.4770955528218495,3.296072176156484,172.51,188.82,0.1150078256332967,0.09454524375398532,0.027592416057621083,0.022773011333545146,0.10724499523355568,0.14749496875331003,0.006196377502383221,15,1,0.14749496875331003,-0.006196377502383221
NFLX,2024-05-02,2024-06-04,33,ema9_break,7,5,0.14397223352547817,0.2126633741674931,42.38873405358315,54.34890479834192,1.7030849979564586,1.5306664144635274,55.6,63.38,0.1773381294964027,0.13992805755395676,0.023351214894288264,0.08188703060902469,0.07683811928053008,0.08251814452508666,0.01214894288419055,12,3,0.08251814452508666,-0.01214894288419055
GOOGL,2024-06-04,2024-06-05,1,ema9_break,4,4,0.23898960316867088,0.23898960316867088,58.034647566632614,60.95460352681327,3.3576131585041447,3.3220693614681354,173.28,175.2,0.0029432132963989055,0.011080332409972193,0.014783105022831089,0.006278538812785506,0.08789954337899553,0.08789954337899553,-0.004223744292237375,20,2,0.08789954337899553,0.004223744292237375
PEP,2024-06-04,2024-06-05,1,ema9_break,10,10,0.11756103451555466,0.11756103451555466,46.063598934461844,45.26375410125047,2.6242697442648004,2.580393333960171,171.21,173.84,0.01565329127971493,0.015361252263302427,-0.057581684307409065,-0.041187298665439465,-0.054360331339162515,-0.0036815462494248496,-0.06465715600552235,1,19,-0.0036815462494248496,0.06465715600552235
AMZN,2024-06-04,2024-06-05,1,ema9_break,8,8,0.12593494560107402,0.12593494560107402,44.31544509509445,48.934464219074336,3.7330691256850197,3.6628499024218044,177.64,180.1,0.009569916685431279,0.013848232380094583,0.0377012770682954,0.03331482509716821,0.11049416990560812,0.11049416990560812,0.01504719600222093,18,9,0.11049416990560812,-0.01504719600222093
MSFT,2024-06-04,2024-06-05,1,ema9_break,7,7,0.1340239437617794,0.1340239437617794,47.9152996247856,55.40577272256047,7.624588737919726,7.652118113782603,412.43,417.81,0.008825740125597115,0.013044637877942966,0.055647303798377346,0.06675283023383827,0.11907326296642018,0.11907326296642018,0.014456331825470903,20,2,0.11907326296642018,-0.014456331825470903
ADBE,2024-06-04,2024-06-05,1,ema9_break,11,11,0.10236362899425254,0.10236362899425254,33.9180934793325,39.69848611138703,11.939638523210146,11.817521485837993,442.82,449.19,0.012533309245291502,0.014385077458109352,0.02377613036799575,0.1642066831407647,0.2875175315568024,0.2875175315568024,0.019902491150737944,20,1,0.2875175315568024,-0.019902491150737944
TSLA,2024-06-04,2024-06-05,1,ema9_break,9,9,0.12545862580482622,0.12545862580482622,49.15278726734944,49.383175158427775,7.219930593394339,6.991364122437601,174.78,175.35,0.0,0.003261242705114853,0.011063587111491247,0.03547191331622468,0.43438836612489307,0.43438836612489307,-0.026746506986027985,20,4,0.43438836612489307,0.026746506986027985
NVDA,2024-05-02,2024-06-24,53,ema9_break,6,1,0.19833871225588504,0.6342981072619689,51.199715453937664,52.244470366437625,3.994400579088225,5.517303605959807,84.45,123.24,0.6054470100651275,0.45932504440497324,0.008601103537812405,0.06604998377150273,-0.0052742616033754075,0.09469328140214217,-0.04308666017526763,11,18,0.09469328140214217,0.04308666017526763
COST,2024-05-02,2024-06-24,53,ema9_break,5,2,0.22525639979720397,0.4064151418030544,57.13560221580148,62.9596618608562,12.078146033838904,12.751098713521046,724.75,850.0,0.20144877543980688,0.17281821317695756,-0.0050941176470589156,0.043352941176470594,0.00248235294117638,0.043352941176470594,-0.01396470588235299,10,18,0.043352941176470594,0.01396470588235299
NVDA,2024-07-02,2024-07-03,1,ema9_break,9,9,0.20738815822325168,0.20738815822325168,54.78578238534666,60.723572356652184,5.380996392205211,5.490925221333411,121.13,121.66,0.01271361347312805,0.0043754643771154456,0.04718066743383198,-0.004685188229491932,-0.10233437448627325,0.10891007726450774,-0.14737793851717895,4,18,0.10891007726450774,0.14737793851717895
PEP,2024-07-02,2024-07-03,1,ema9_break,11,11,0.07159427130410813,0.07159427130410813,34.740887372352745,32.71306114358728,2.46861799363101,2.44728813694308,163.5,162.92,0.0004892966360856565,-0.0035474006116208434,0.0063221212865209875,0.04572796464522466,0.07390130125214833,0.07390130125214833,-0.0062607414682051,20,3,0.07390130125214833,0.0062607414682051
NFLX,2024-07-02,2024-07-11,9,ema9_break,7,7,0.2638612073402457,0.2638612073402457,61.13057766642614,43.393378368679635,1.3956563145879979,1.4706011618989774,67.35,67.25,0.025538233110616204,-0.0014847809948032031,-0.04386617100371748,-0.05710037174721194,-0.0626022304832714,-0.02379182156133819,-0.10988847583643124,2,17,-0.02379182156133819,0.10988847583643124
GOOGL,2024-07-02,2024-07-12,10,ema9_break,6,6,0.32970197226299913,0.32970197226299913,66.0752567189748,56.26416037084576,3.2410247293399888,3.337542856903901,182.05,185.08,0.05015105740181269,0.016643779181543472,-0.04009077155824514,-0.09768748649232772,-0.11567970607304967,0.007834449967581536,-0.14474821698724882,1,17,0.007834449967581536,0.14474821698724882
AMZN,2024-07-02,2024-07-12,10,ema9_break,3,3,0.404063387387038,0.404063387387038,67.823458957253,54.490788071789694,4.386429588583653,3.9948462048898814,197.28,194.8,0.013787510137875048,-0.012570965125709654,-0.05990759753593433,-0.06314168377823415,-0.14301848049281318,-0.00913757700205342,-0.1734086242299795,2,16,-0.00913757700205342,0.1734086242299795
MSFT,2024-07-02,2024-07-12,10,ema9_break,4,4,0.35871249641751984,0.35871249641751984,71.03259228060996,54.84393324850944,6.894484788595774,7.2669087750222525,453.2,454.33,0.031685789938217246,0.002493380406001666,-0.03790196553166192,-0.06396231813879782,-0.10633240155833867,-0.0008143860189729901,-0.13025774216978847,1,16,-0.0008143860189729901,0.13025774216978847
ADBE,2024-07-02,2024-07-12,10,ema9_break,2,2,0.6400708274439582,0.6400708274439582,77.20128261779811,64.974130870712,13.936509740311376,13.027220059875757,560.0,555.1,0.03275000000000006,-0.008749999999999925,-0.007386056566384469,-0.02280670149522601,-0.03386777157268972,0.02060889929742382,-0.08247162673392183,2,16,0.02060889929742382,0.08247162673392183
COST,2024-07-02,2024-07-12,10,"atr_trail(stop=856.05),ema9_break",10,10,0.17028488307242876,0.17028488307242876,64.49512293124661,47.07289632388344,12.674173601177007,15.131586404284658,845.69,849.89,0.04867031654625209,0.004966358831250073,-0.01383708479920931,-0.03799315205497178,0.005930179199661101,0.005930179199661101,-0.05654849451105426,20,16,0.005930179199661101,0.05654849451105426
TSLA,2024-07-02,2024-07-22,20,ema9_break,1,1,0.7285254592995134,0.7285254592995134,80.71478550666116,63.95987749832804,8.800163110259264,12.505642190577538,218.89,244.21,0.20270455479921434,0.11567453972314867,-0.04958846894066582,-0.18561893452356582,-0.08799803447852261,0.008885795012489206,-0.21477416977191766,1,12,0.008885795012489206,0.21477416977191766
NVDA,2024-08-02,2024-08-05,3,ema9_break,4,4,0.22954748126241026,0.22954748126241026,40.908398457826074,36.47902219084609,7.19318537620318,7.86367213504581,103.76,92.06,0.0338280647648419,-0.11276021588280649,0.1842276776015641,0.41212252878557454,0.17314794699109282,0.41212252878557454,0.07440799478600901,10,2,0.41212252878557454,-0.07440799478600901
GOOGL,2024-08-02,2024-08-05,3,ema9_break,9,9,0.13588630982791303,0.13588630982791303,34.378633238990105,27.647242967781565,4.298245864472912,4.829085445581988,166.44,155.5,0.001321797644797007,-0.06572939197308336,0.04366559485530552,0.0718327974276527,0.011961414790996772,0.07511254019292601,0.011961414790996772,11,20,0.07511254019292601,-0.011961414790996772
AMZN,2024-08-02,2024-08-05,3,ema9_break,3,3,0.3389632945691188,0.3389632945691188,30.25391029148132,26.239660472487486,6.448783548938235,7.1517275811569325,166.75,154.21,0.006896551724137945,-0.07520239880059965,0.08164191686661049,0.15569677712210606,0.14292198949484458,0.167952791647753,0.05006160430581663,12,1,0.167952791647753,-0.05006160430581663
MSFT,2024-08-02,2024-08-05,3,ema9_break,6,6,0.18939536446889255,0.18939536446889255,29.784926979896113,24.69458421979516,9.635393195252474,10.583579395591585,412.49,389.17,0.0,-0.05653470387160897,0.04532723488449775,0.08315132204435072,0.052085206978955245,0.09155381966749743,0.02379422874322268,11,2,0.09155381966749743,-0.02379422874322268
ADBE,2024-08-02,2024-08-05,3,ema9_break,7,7,0.17668135778749935,0.17668135778749935,42.632006377882185,36.415863606340984,14.144037054316144,15.003034407579273,535.78,504.23,0.0,-0.05888610997051025,0.05295202586121395,0.11679194018602623,0.13249905796957728,0.1391825159153559,0.01862245403883156,19,2,0.1391825159153559,-0.01862245403883156
COST,2024-08-02,2024-08-05,3,ema9_break,8,8,0.15649015178940448,0.15649015178940448,43.36915439977944,35.860153048694556,15.99118166504035,16.926097260394613,816.2,798.0,0.007204116638078961,-0.022298456260720467,0.08216791979949889,0.0931704260651629,0.10096491228070192,0.1389724310776943,0.015413533834586435,16,2,0.1389724310776943,-0.015413533834586435
NFLX,2024-08-02,2024-08-05,3,ema9_break,10,10,0.1102579757107455,0.1102579757107455,32.49620922364677,27.614012931094877,1.8058301271681518,1.8668422609418551,62.1,58.7,0.0,-0.054750402576489554,0.07853492333901202,0.17291311754684813,0.1504258943781942,0.19488926746166957,0.038500851788756396,19,1,0.19488926746166957,-0.038500851788756396
TSLA,2024-08-02,2024-08-05,3,ema9_break,11,11,0.07763161980641782,0.07763161980641782,42.43612858801726,39.36677461953866,13.155204776355045,14.049118720901113,214.88,185.22,0.0,-0.13803052866716303,0.06624554583738274,0.20246193715581473,0.13702623906705536,0.20543137890076668,0.03530936183997402,12,2,0.20543137890076668,-0.03530936183997402
PEP,2024-08-02,2024-08-07,5,ema9_break,1,1,0.5745691585347535,0.5745691585347535,70.29952597772643,53.24001363781496,3.12252237453736,3.4513089128493344,178.84,171.62,0.0,-0.04037128159248493,0.012178067824262895,0.020918307889523424,0.04475002913413362,0.04475002913413362,-0.0011653653420348187,20,3,0.04475002913413362,0.0011653653420348187
NVDA,2024-09-04,2024-09-05,1,ema9_break,6,6,0.19500855616387663,0.19500855616387663,39.10845178604774,40.18648350452878,6.979385527247866,6.830143703873019,105.41,104.99,0.0075894127691868984,-0.003984441703823172,0.13477474045147164,0.12267835031907803,0.1701114391846843,0.18144585198590346,-0.02057338794170871,15,1,0.18144585198590346,0.02057338794170871
GOOGL,2024-09-04,2024-09-05,1,ema9_break,7,7,0.18438378496928876,0.18438378496928876,34.09592816361871,35.95529076425086,3.936975324014389,3.903619943727647,156.66,156.3,0.0,-0.0022979701263882157,-0.010300703774792197,0.037364043506077804,0.06116442738323746,0.06839411388355732,-0.04888035828534876,18,3,0.06839411388355732,0.04888035828534876
AMZN,2024-09-04,2024-09-05,1,ema9_break,5,5,0.2418176374963363,0.2418176374963363,45.94877312154995,52.29917385698751,4.662133251478818,4.796980876373187,174.48,175.0,0.0,0.0029802842732691293,0.0685714285714285,0.0849714285714287,0.03977142857142857,0.1083428571428573,-0.02062857142857155,13,1,0.1083428571428573,0.02062857142857155
MSFT,2024-09-04,2024-09-05,1,ema9_break,10,10,0.1575101063719942,0.1575101063719942,41.182682093753186,40.758493446034734,8.021151309672902,7.946069073267696,405.91,407.62,0.0073661649134042495,0.004212756522381733,0.04754428143859468,0.07622295275011037,0.02188312644129331,0.07622295275011037,-0.014523330552966063,10,1,0.07622295275011037,0.014523330552966063
NFLX,2024-09-04,2024-09-05,1,ema9_break,3,3,0.3277759924039445,0.3277759924039445,54.43425719857198,55.96278791113397,1.7566891683300954,1.741211370592232,67.33,67.31,0.009505421060448604,-0.0002970444081389356,0.020353587876987156,0.046352696478977995,0.050066854850690845,0.07309463675531136,-0.010845342445401918,13,1,0.07309463675531136,0.010845342445401918
COST,2024-09-04,2024-09-09,5,ema9_break,4,4,0.24638717760059278,0.24638717760059278,58.95919647026779,59.69164910976009,17.10635864580597,18.063975927418266,877.45,884.74,0.014325602598438625,0.008308165707447746,0.026143273730135475,0.03655311164861996,-0.012602572507177223,0.03655311164861996,-0.012602572507177223,10,20,0.03655311164861996,0.012602572507177223
ADBE,2024-09-04,2024-09-09,5,ema9_break,1,1,0.5049926560250266,0.5049926560250266,63.1328708445931,58.11061823564658,13.207723179408317,13.170855621414026,568.87,567.69,0.011215216130223027,-0.002074287622831128,-0.0813648293963255,-0.07014391657418673,-0.14160897673025774,0.03322235727245482,-0.14160897673025774,3,20,0.03322235727245482,0.14160897673025774
TSLA,2024-09-04,2024-09-09,5,ema9_break,9,9,0.15876457408660513,0.15876457408660513,53.2962731937297,50.7070025585463,10.62750347914617,11.65348219522017,210.59,216.2,0.0929768744954651,0.02663944156892528,0.04893617021276597,0.15633672525439413,0.11392229417206301,0.21012950971322852,0.04611470860314526,15,1,0.21012950971322852,-0.04611470860314526
PEP,2024-09-04,2024-09-12,8,ema9_break,2,2,0.41763467645722135,0.41763467645722135,64.10735814425686,56.51134350936022,2.8531233320801124,2.8089262907295045,177.9,175.78,0.00786958965711082,-0.011916807195053392,-0.0063716008647173306,-0.034645579701900076,-0.0158721128683581,0.008988508362726133,-0.04875412447377403,1,17,0.008988508362726133,0.04875412447377403
NVDA,2024-10-02,2024-10-03,1,ema9_break,6,6,0.20591567284002332,0.20591567284002332,51.32923284808018,56.11131910578331,5.305468870427691,5.320078236825713,116.44,120.92,0.02069735486087243,0.03847475094469255,0.11486933509758512,0.13240158782666223,0.09791597750578895,0.18847171683757868,0.033079722130334055,12,1,0.18847171683757868,-0.033079722130334055
PEP,2024-10-02,2024-10-03,1,ema9_break,8,8,0.16811622899546558,0.16811622899546558,38.400873276752385,35.876548487403625,2.6583327199235103,2.6384518113575472,171.5,168.14,0.0,-0.019591836734694,0.02884501011062235,0.03883668371595106,-0.01225169501605794,0.04734150113001068,-0.01225169501605794,7,20,0.04734150113001068,0.01225169501605794
AMZN,2024-10-02,2024-10-03,1,ema9_break,7,7,0.1684161786670187,0.1684161786670187,50.21917040183765,45.58507442990273,4.190066930147885,4.167919292280178,184.44,183.05,0.001734981565820748,-0.007536326176534325,0.019666757716470862,0.024474187380497003,0.018301010652826966,0.052881726304288224,-0.012291723572794289,19,2,0.052881726304288224,0.012291723572794289
MSFT,2024-10-02,2024-10-03,1,ema9_break,9,9,0.1509472826267964,0.1509472826267964,42.91238769238174,42.43785487086569,7.38560904664197,7.233779829024686,422.58,417.63,0.0,-0.01171375834161581,-0.004286090558628497,-0.0021789622393026953,-0.027009553911356843,0.035677513588583176,-0.027009553911356843,19,20,0.035677513588583176,0.027009553911356843
ADBE,2024-10-02,2024-10-03,1,ema9_break,10,10,0.14249451904983956,0.14249451904983956,36.00219206404864,35.26477062851396,13.040576606936973,12.910535420727191,503.87,501.02,0.0038501994562090136,-0.005656220850616234,0.005089617180950912,-0.00836293960320944,-0.04578659534549523,0.017224861282982618,-0.04578659534549523,7,20,0.017224861282982618,0.04578659534549523
COST,2024-10-02,2024-10-03,1,ema9_break,11,11,0.08275915601541677,0.08275915601541677,44.724246372680064,43.54100318423289,17.21619177848952,16.59432093716884,874.65,874.44,0.00443606013834108,-0.0002400960384152384,0.02194547367458033,0.012407941082292595,-0.0002973331503591803,0.03963679612094584,-0.000972050683866299,4,2,0.03963679612094584,0.000972050683866299
TSLA,2024-10-02,2024-10-03,1,ema9_break,1,1,0.5886055060170037,0.5886055060170037,57.641363575655056,51.81481479525868,10.653389384910968,10.748147285988756,247.55,244.48,0.005938194304180966,-0.012401535043425671,-0.023355693717277415,-0.09649051047120416,0.0219649869109948,0.10107166230366493,-0.1261043848167539,16,14,0.10107166230366493,0.1261043848167539
NFLX,2024-10-02,2024-10-04,2,ema9_break,4,4,0.2789075929011363,0.2789075929011363,58.406428306741326,61.330751218128505,1.5770835194058093,1.5348832386713347,70.61,71.33,0.00708114997875664,0.010196855969409446,0.013318379363521649,0.07093789429412589,0.06000280386933965,0.08243375858684976,-0.03588952754801633,11,9,0.08243375858684976,0.03588952754801633
GOOGL,2024-10-02,2024-10-08,6,ema9_break,3,3,0.38275620692821005,0.38275620692821005,58.931525153611865,53.63200723999038,3.318379171577462,3.304936680534773,166.42,163.94,0.0038456916236029315,-0.014902055041461248,0.009271684762718113,0.007319751128461505,0.035378797120897865,0.06416981822618029,-0.012687568622666734,16,1,0.06416981822618029,0.012687568622666734
NVDA,2024-11-04,2024-11-05,1,ema9_break,4,4,0.25725776415152113,0.25725776415152113,53.72471011731398,58.67610753450945,4.595687117248028,4.57599518030174,137.21,137.45,0.0,0.0017491436484220468,0.07886504183339405,0.0695525645689341,0.05594761731538744,0.08315751182248099,-0.015351036740632873,2,16,0.08315751182248099,0.015351036740632873
PEP,2024-11-04,2024-11-05,1,ema9_break,10,10,0.10276448366295693,0.10276448366295693,32.62237532647406,39.66767206720248,2.2201386561764225,2.2251287521638226,165.59,165.95,0.0045292590132255395,0.002174044326348046,-0.009701717384754338,-0.05561916239831266,-0.03476950888821928,-0.004820729135281643,-0.05561916239831266,7,10,-0.004820729135281643,0.05561916239831266
MSFT,2024-11-04,2024-11-05,1,ema9_break,11,11,0.08324286157260624,0.08324286157260624,39.36517716908884,42.46439378598511,8.033435522911828,7.946761556989554,409.8,408.37,0.0,-0.0034895070766227665,0.0358988172490633,0.0230673164042412,0.0711364693782599,0.0711364693782599,0.011019418664446556,20,12,0.0711364693782599,-0.011019418664446556
ADBE,2024-11-04,2024-11-05,1,ema9_break,8,8,0.12126958320414608,0.12126958320414608,38.15689351543633,42.49826756218418,10.170842959534461,9.886497033853429,479.03,483.09,0.004843120472621809,0.008475460827088055,0.08969343186569789,0.03419652652714822,0.11053840899211331,0.11053840899211331,0.023991388768138444,20,3,0.11053840899211331,-0.023991388768138444
TSLA,2024-11-04,2024-11-05,1,ema9_break,6,6,0.17873121429206507,0.17873121429206507,51.19511651322895,55.75546364648615,10.72128695269934,10.844052170363673,244.56,247.34,0.0,0.011367353614654796,0.3280908870380852,0.3988841271124768,0.4471173283738983,0.4471173283738983,0.16653189940971935,20,1,0.4471173283738983,-0.16653189940971935
GOOGL,2024-11-04,2024-11-15,11,ema9_break,2,2,0.3569687973820142,0.3569687973820142,57.089072872467945,51.78120046368658,3.8900236933459946,3.815459003224376,169.93,173.73,0.06879303242511625,0.022362149120225938,-0.05163184251424624,-0.012893570482933159,0.131986415702527,0.131986415702527,-0.05163184251424624,20,5,0.131986415702527,0.05163184251424624
AMZN,2024-11-04,2024-11-18,14,"atr_trail(stop=203.48),ema9_break",1,1,0.5945420238190624,0.5945420238190624,60.10953585005715,54.15874285286271,4.767152491905677,5.194362391261237,196.45,204.15,0.08984474420972255,0.039195724102825125,-0.013225569434239581,0.04550575557188341,0.13225569434239537,0.14097477345089393,-0.03443546411951992,19,4,0.14097477345089393,0.03443546411951992
COST,2024-11-04,2024-11-18,14,"atr_trail(stop=912.38),ema9_break",7,7,0.1371135152646989,0.1371135152646989,49.149322772982615,56.52848299820127,12.647814992755588,15.935188457279802,881.34,910.64,0.07086935802301042,0.03324483173349657,0.05518097162435209,0.07852718966880445,0.07845032065360624,0.09229772467715014,0.019151366072212905,16,2,0.09229772467715014,-0.019151366072212905
PEP,2024-12-03,2024-12-04,1,ema9_break,10,10,0.18923199846729613,0.18923199846729613,42.062829229282826,38.30847853102713,2.4382943819857092,2.4277019261295867,162.84,160.6,0.0,-0.013755833947433072,-0.023848069738480637,-0.038418430884184285,-0.06818181818181812,-0.000684931506849229,-0.06818181818181812,1,20,-0.000684931506849229,0.06818181818181812
NVDA,2024-12-03,2024-12-10,7,ema9_break,11,11,0.1482817592363027,0.1482817592363027,50.64346106077519,42.70761398761878,4.851354080324721,4.98711943041963,138.26,139.01,0.04976131925358018,0.00542456241863154,-0.06200992734335664,0.008704409754693998,-0.022300553916984378,0.07495863606934772,-0.0726566434069491,17,6,0.07495863606934772,0.0726566434069491
ADBE,2024-12-03,2024-12-13,10,"atr_trail(stop=518.61),ema9_break",9,9,0.2207383586977227,0.2207383586977227,54.911605541840814,32.864994585945226,11.914910610838492,17.243693731755,511.04,473.98,0.08202880400751411,-0.07251878522229183,-0.05656356808304153,-0.05945398540022784,-0.11962530064559695,-0.026266931094139134,-0.14359255664795978,1,17,-0.026266931094139134,0.14359255664795978
COST,2024-12-03,2024-12-18,15,ema9_break,4,4,0.41733564767661047,0.41733564767661047,70.45089811346551,50.497744737949745,16.141074614335633,17.626405078133264,974.69,982.0,0.020519344612133006,0.007499820455734607,-0.026334012219959235,-0.06661914460285123,-0.034898167006109926,-0.023604887983706635,-0.07351323828920575,4,9,-0.023604887983706635,0.07351323828920575
NFLX,2024-11-04,2024-12-19,45,"atr_trail(stop=89.68),ema9_break",3,2,0.3307074668746126,0.48073103474496387,59.11401550472778,56.66134541338776,1.6096176474378276,2.0139099192056715,75.31,90.82,0.24365954056566186,0.20594874518656203,-0.0006606474344856839,-0.029068487117374864,0.05042942083241586,0.05042942083241586,-0.08786610878661072,20,15,0.05042942083241586,0.08786610878661072
AMZN,2024-12-03,2024-12-19,16,"atr_trail(stop=221.94),ema9_break",7,7,0.2544614192377556,0.2544614192377556,63.654375748946855,57.49021412307407,4.9818690695838415,5.502012182319352,210.31,224.91,0.10755551328990531,0.06942133041700349,-0.005157618602996794,0.01200480192076836,0.04490685162954078,0.04490685162954078,-0.03179049397536793,20,15,0.04490685162954078,0.03179049397536793
MSFT,2024-12-03,2024-12-19,16,"atr_trail(stop=438.31),ema9_break",6,6,0.29596946744700625,0.29596946744700625,59.155205910614264,51.43163077809284,7.896506709494689,7.9899842813239665,429.84,441.62,0.05727712637260374,0.02740554624976732,-0.025112087314886122,-0.03118065305013351,0.010370907114714,0.010370907114714,-0.05876092568271363,20,15,0.010370907114714,0.05876092568271363
TSLA,2024-12-03,2024-12-23,20,"atr_trail(stop=433.01),ema9_break",1,1,0.528967312822094,0.528967312822094,64.47766931170851,62.73181215800504,16.258946357156713,23.11658972920925,351.8,431.0,0.3640136441159749,0.22512791358726547,-0.06301624129930405,-0.08366589327146168,-0.056658932714617194,0.07257540603248258,-0.1200000000000001,1,6,0.07257540603248258,0.1200000000000001
GOOGL,2024-12-03,2024-12-31,28,ema9_break,8,8,0.2231276448274269,0.2231276448274269,50.72080383496354,55.25094087693385,3.7445411036352825,4.73227009004152,171.49,191.08,0.1467724065543179,0.11423406612630482,0.015019886958342,0.009577140464726686,0.06772032656478966,0.06772032656478966,-0.008635126648524172,20,1,0.06772032656478966,0.008635126648524172
PEP,2025-01-03,2025-01-06,3,ema9_break,8,8,0.08092676404715929,0.08092676404715929,30.65227008603408,25.310749582501984,2.5311204204879796,2.625326104738838,150.96,149.6,0.0,-0.009009009009009139,-0.0310828877005348,-0.010093582887700459,-0.026336898395721953,0.03348930481283441,-0.04652406417112309,13,3,0.03348930481283441,0.04652406417112309
MSFT,2025-01-03,2025-01-06,3,ema9_break,11,11,0.06596077597077882,0.06596077597077882,41.532199024887625,46.22403082682715,7.988075570959893,8.201070173034184,421.08,428.0,0.00539089959152661,0.01643393179443331,-0.028808411214953256,0.04252336448598126,-0.03436915887850467,0.04485981308411202,-0.03990654205607469,14,18,0.04485981308411202,0.03990654205607469
ADBE,2025-01-03,2025-01-06,3,ema9_break,5,5,0.133201356987752,0.133201356987752,27.59632759200393,28.07729551835733,13.141680467605973,12.818703291348404,429.45,431.88,0.002607986960065256,0.0056584002794271004,-0.044387329813837195,0.012596091506900109,0.013313883486153477,0.03269426692599797,-0.060109289617486295,16,3,0.03269426692599797,0.060109289617486295
COST,2025-01-03,2025-01-06,3,ema9_break,10,10,0.06624688200368642,0.06624688200368642,34.884154515771925,38.47795192832165,17.582160334002346,17.33629173871646,914.33,917.98,0.002460818304113488,0.00399199413778395,-0.0008170112638619109,0.029107387960522146,0.13605960914181137,0.13605960914181137,-0.0008170112638619109,20,5,0.13605960914181137,0.0008170112638619109
NFLX,2025-01-03,2025-01-06,3,ema9_break,9,9,0.0806013292776181,0.0806013292776181,45.89572940052433,46.180414355945814,2.0344637759460675,2.0398592205213486,89.31,88.88,0.0,-0.00481469040421012,-0.06795679567956792,0.0733573357335735,0.1376012601260126,0.1376012601260126,-0.06795679567956792,20,5,0.1376012601260126,0.06795679567956792
TSLA,2025-01-03,2025-01-06,3,ema9_break,3,3,0.15960560369927096,0.15960560369927096,52.563241576192354,52.69695271094233,24.25188825679594,24.286039095596234,381.48,423.2,0.07591485792177832,0.10936353150886013,-0.06342155009451789,-0.01911625708884679,-0.10640359168241964,0.011862003780718444,-0.10640359168241964,6,20,0.011862003780718444,0.10640359168241964
NVDA,2025-01-03,2025-01-08,5,ema9_break,2,2,0.19723407651173325,0.19723407651173325,59.09401046737655,51.46643368257768,5.147224908879767,5.921407844318093,140.01,142.58,0.06728090850653534,0.018355831726305505,-0.06319259363164553,0.0002805442558562188,-0.08935334549025109,0.03254313367933781,-0.18179267779492225,9,16,0.03254313367933781,0.18179267779492225
AMZN,2025-01-03,2025-01-08,5,ema9_break,4,4,0.13559842774216535,0.13559842774216535,55.65606312029702,51.948400281656134,5.274010369063593,5.205178855988599,222.51,223.19,0.02292031818794671,0.003056042425059635,-0.011335633316904903,0.05224248398225728,0.026703705363143593,0.08454679869169768,-0.024329047000313686,17,3,0.08454679869169768,0.024329047000313686
GOOGL,2025-01-03,2025-01-13,10,ema9_break,1,1,0.30692116962574656,0.30692116962574656,58.347325842653476,53.95762413375009,4.64884512865825,4.903847586487229,191.37,190.07,0.028740136907561276,-0.0067931232690600085,0.041984532014521125,0.02751617825011854,-0.024990792865786315,0.08581049087178405,-0.024990792865786315,15,20,0.08581049087178405,0.024990792865786315
NVDA,2025-02-04,2025-02-05,1,ema9_break,9,9,0.13423839362093004,0.13423839362093004,38.77986774732324,44.54937824979815,7.437373191668101,7.359703677977523,116.96,121.76,0.014449384404924936,0.04103967168262668,0.0770367936925096,0.1507063074901447,-0.09190210249671493,0.1507063074901447,-0.09190210249671493,10,20,0.1507063074901447,0.09190210249671493
PEP,2025-02-04,2025-02-05,1,ema9_break,6,6,0.20425548434255109,0.20425548434255109,36.16854400007785,41.46412440829007,2.971619176456653,2.9800749495668923,146.1,143.39,0.0,-0.01854893908282007,0.004184392217030597,0.039821465932073474,0.07824813445847001,0.09087105097984516,0.0,13,7,0.09087105097984516,0.0
MSFT,2025-02-04,2025-02-05,1,ema9_break,11,11,0.06571644841315596,0.06571644841315596,39.637251109738756,40.35586525825084,9.913552431723138,9.450441543742915,412.69,412.35,0.0,-0.0008238629479754289,-0.00802716139202131,0.009166969807202552,-0.03749242148660126,0.009166969807202552,-0.057863465502607014,10,17,0.009166969807202552,0.057863465502607014
TSLA,2025-02-04,2025-02-05,1,ema9_break,8,8,0.1550748741718941,0.1550748741718941,46.612705964260975,42.376659672067866,21.153712047567506,20.834161187026968,382.63,387.51,0.025037242244465796,0.012753835297807159,-0.13160950685143613,-0.0854429563108049,-0.32014657686253256,-0.0340378312817734,-0.32014657686253256,1,20,-0.0340378312817734,0.32014657686253256
GOOGL,2025-02-04,2025-02-06,2,"atr_trail(stop=194.65),ema9_break",5,5,0.3666901397193664,0.3666901397193664,64.32183245222457,46.60031025400875,4.90519128081821,5.687996563562639,203.39,189.5,0.01470082108264914,-0.06829244308963067,-0.017730870712401092,-0.051926121372031675,-0.08253298153034294,-0.01598944591029028,-0.11868073878627972,2,16,-0.01598944591029028,0.11868073878627972
AMZN,2025-02-04,2025-02-06,2,ema9_break,3,3,0.42111329323632096,0.42111329323632096,68.41910058739684,61.03956269335646,5.476316084936125,5.4376398895622735,239.01,238.01,0.01276097234425344,-0.004183925358771545,-0.03209949161799919,-0.09003823368766006,-0.1628503004075459,-0.020461325154405352,-0.1628503004075459,2,20,-0.020461325154405352,0.1628503004075459
ADBE,2025-02-04,2025-02-06,2,ema9_break,7,7,0.1676448379422112,0.1676448379422112,48.06497141554094,44.29154575910562,10.623933335340366,10.136860886084294,435.43,437.63,0.011023585880623799,0.005052476861952426,0.049333912208943786,0.015286886182391601,0.02689486552567244,0.060507734844503336,-0.01041976098530728,7,1,0.060507734844503336,0.01041976098530728
COST,2025-02-04,2025-02-21,17,"atr_trail(stop=1039.17),ema9_break",2,2,0.6223508665517521,0.6223508665517521,75.08604289131041,57.49105524867591,19.14905517627063,18.32102842872731,1005.4,1034.61,0.07107618858165887,0.029053113188780566,0.01353166893805402,-0.06794830902465665,-0.12115676438464729,0.020345830796145492,-0.13917321502788482,2,14,0.020345830796145492,0.13917321502788482
NFLX,2025-02-04,2025-02-21,17,ema9_break,4,4,0.39692471519065176,0.39692471519065176,71.15628941421811,54.6461478765268,2.760328502288099,2.6550379501253145,98.05,102.94,0.0796532381438042,0.04987251402345749,-0.047406256071497954,-0.13435010685836413,-0.06712648144550215,-0.037400427433456285,-0.15805323489411305,8,11,-0.037400427433456285,0.15805323489411305
NVDA,2025-03-04,2025-03-05,1,ema9_break,4,4,0.18309122000291386,0.18309122000291386,38.529398904202246,39.89638118572538,7.479908640385079,7.214915166071859,110.65,117.58,0.04826028016267503,0.06262991414369634,-0.015648919884334145,-0.0005102908657935723,-0.060894709984691264,0.0347848273515905,-0.09015138629018538,7,3,0.0347848273515905,0.09015138629018538
GOOGL,2025-03-04,2025-03-05,1,ema9_break,8,8,0.11026893305509176,0.11026893305509176,35.147386904366556,38.57144190146178,5.065443256168535,5.040768737870783,166.24,170.52,0.028152069297401106,0.02574590952839273,-0.019997654234107376,-0.03888106966924709,-0.07905231057940432,0.01958714520290883,-0.09494487450152478,2,17,0.01958714520290883,0.09494487450152478
AMZN,2025-03-04,2025-03-05,1,ema9_break,10,10,0.088314073346503,0.088314073346503,29.260786789799923,36.310711714312355,6.561906436339356,6.573198833743688,200.11,204.8,0.018439858078057147,0.02343710958972567,-0.028857421875000067,-0.04521484375000007,-0.042919921875000044,0.004443359374999956,-0.07099609375000004,14,18,0.004443359374999956,0.07099609375000004
MSFT,2025-03-04,2025-03-05,1,ema9_break,11,11,0.07684714377794868,0.07684714377794868,32.18426329438145,44.36290038384146,9.077507061873334,9.361970843168097,383.4,389.34,0.013588941053729986,0.015492957746478853,-0.015590486464272857,-0.00390404273899414,-0.018492834026814564,0.019391791236451406,-0.03582986592695325,1,18,0.019391791236451406,0.03582986592695325
COST,2025-03-04,2025-03-05,1,ema9_break,2,2,0.32744047889141314,0.32744047889141314,54.013072743214444,57.12027629481692,20.16043317322494,20.326116517994592,1045.73,1033.08,0.0,-0.012096812752813935,-0.10260580013164511,-0.12489836217911487,-0.06582258876369684,-0.006253145932551218,-0.1378983234599449,1,6,-0.006253145932551218,0.1378983234599449
NFLX,2025-03-04,2025-03-05,1,ema9_break,7,7,0.13866915588422507,0.13866915588422507,47.163330784909675,52.15501541531861,2.8854346905979273,2.865760784126647,97.16,97.36,0.0010292301358585387,0.0020584602717168554,-0.055361544782251415,-0.014482333607230835,-0.03913311421528354,0.02434264585045187,-0.10979868529170089,14,3,0.02434264585045187,0.10979868529170089
TSLA,2025-03-04,2025-03-05,1,ema9_break,6,6,0.14903363776801717,0.14903363776801717,26.46995547048519,29.901663581391432,20.159739298755643,19.565472205987383,270.93,272.92,0.0040969992248920395,0.007345070682464039,-0.09097904147735603,-0.1357907078997509,0.03605452147149335,0.05576725780448477,-0.18602520885241103,14,3,0.05576725780448477,0.18602520885241103
ADBE,2025-03-04,2025-03-07,3,ema9_break,5,5,0.16188207687720946,0.16188207687720946,50.248485933743076,52.76116475017448,10.107310116601465,10.270054783590895,439.25,442.0,0.027296528173022194,0.00626067159931698,-0.1069230769230769,-0.12384615384615383,-0.21024886877828053,-0.007692307692307665,-0.21024886877828053,3,20,-0.007692307692307665,0.21024886877828053
PEP,2025-03-04,2025-03-12,8,ema9_break,1,1,0.4729409958407471,0.4729409958407471,57.94112914342704,43.76918015106387,3.5961627212717824,3.8968187626035853,157.34,147.54,0.0,-0.06228549637727221,0.0038633590890606584,0.0074556052595906586,-0.013216754778365147,0.025959061949301976,-0.04907143825403271,16,19,0.025959061949301976,0.04907143825403271
PEP,2025-05-02,2025-05-05,3,ema9_break,11,11,0.15524028258678255,0.15524028258678255,35.267995848286574,32.91579003612641,3.5202354723711187,3.435932938630325,134.15,134.04,0.0,-0.0008199776369736123,-0.017606684571769504,-0.016786034019695584,-0.01633840644583706,-0.015368546702476893,-0.04170396896448825,9,7,-0.015368546702476893,0.04170396896448825
AAPL,2025-05-02,2025-05-05,3,ema9_break,7,7,0.2864907335898987,0.2864907335898987,48.0496123928679,43.37702692036861,8.426224400054592,8.33435122862212,206.09,203.1,0.0,-0.01450822456208456,0.037863121614968076,0.027966518956179298,0.0008370260955194997,0.04839980305268354,-0.0385524372230428,6,14,0.04839980305268354,0.0385524372230428
AMZN,2025-05-02,2025-05-07,5,ema9_break,5,5,0.3113707263881585,0.3113707263881585,52.96269739951267,51.926583814932826,8.308717498153761,7.624250125161742,191.44,185.56,0.0,-0.03071458420392814,0.1330566932528563,0.08385427893942654,0.12044621685708123,0.1390924768269024,0.035136882948911374,4,1,0.1390924768269024,-0.035136882948911374
TSLA,2025-05-02,2025-05-07,5,ema9_break,8,8,0.27404157736861207,0.27404157736861207,57.6575859517588,53.10968136006245,19.549126155275715,17.52633387869561,284.9,276.88,0.008108108108108025,-0.02815022815022805,0.25570644322450153,0.208537994799191,0.028243282288356042,0.3106399884426465,0.028243282288356042,13,20,0.3106399884426465,-0.028243282288356042
GOOGL,2025-05-02,2025-05-08,6,"atr_trail(stop=152.49),ema9_break",6,6,0.30066497868819925,0.30066497868819925,56.51990934284563,44.88299252372314,5.283446432864002,5.766259984616536,163.41,155.0,0.004895661220243541,-0.05146563857781039,0.05780645161290332,0.10238709677419355,0.12051612903225806,0.12051612903225806,-0.014516129032258074,20,1,0.12051612903225806,0.014516129032258074
NFLX,2025-05-02,2025-05-13,11,ema9_break,2,2,0.6731450356845646,0.6731450356845646,76.49100556712435,64.26230998439206,3.918623087569873,3.590235670725553,113.67,111.45,0.017418844022169422,-0.019530219055159614,0.06953790937640192,0.08443248093315381,0.09457155675190654,0.12202781516375061,0.03275011215791834,16,1,0.12202781516375061,-0.03275011215791834
COST,2025-05-02,2025-05-14,12,ema9_break,3,3,0.3610471479307867,0.3610471479307867,62.37218653596388,51.71953291943181,27.432467780446355,23.691063114722535,1007.83,998.76,0.008255360527072986,-0.00899953365150874,0.026572950458568556,0.009992390564299791,0.003954904081060473,0.05816212103007712,-0.0019824582482278474,12,19,0.05816212103007712,0.0019824582482278474
MSFT,2025-05-02,2025-05-27,25,ema9_break,1,1,0.6952484427218142,0.6952484427218142,71.98600374077543,71.73689614326102,13.796122733440551,9.165113441953324,431.74,456.48,0.06283874554129798,0.0573030064390605,0.014217490361023488,0.03163336838415698,0.07840431125131442,0.07840431125131442,0.001927795303189539,20,1,0.07840431125131442,-0.001927795303189539
ADBE,2025-05-02,2025-05-27,25,ema9_break,10,10,0.21401127265161982,0.21401127265161982,56.65544010984455,65.27462219208337,11.392874572987296,8.958318530853733,380.09,412.76,0.10679049698755572,0.08595332684364232,-0.0006541331524372307,0.007994960752010893,-0.061076654714604106,0.010078495978292468,-0.08683011919759664,8,17,0.010078495978292468,0.08683011919759664
META,2025-05-02,2025-05-27,25,ema9_break,4,4,0.34002594527437674,0.34002594527437674,60.39127459218208,62.22195413610138,27.532338954929813,19.857251856776397,583.46,635.41,0.13008603846022004,0.08903780893291735,0.049479863395288204,0.10542799137564729,0.1153113737586755,0.12085110401158317,0.012857839819958805,19,1,0.12085110401158317,-0.012857839819958805
GOOGL,2025-06-03,2025-06-04,1,ema9_break,9,9,0.27000943959347806,0.27000943959347806,51.52378557386486,54.100324248017145,5.074200191523957,4.8574716064151024,167.49,166.74,0.0,-0.004477879276374663,0.06363200191915541,0.03946263643996639,0.07670624925032987,0.07670624925032987,-0.009295909799688196,20,12,0.07670624925032987,0.009295909799688196
TSLA,2025-06-03,2025-06-04,1,ema9_break,6,6,0.31792979002639193,0.31792979002639193,59.94593928435738,53.750579914439,15.732515774964366,15.9137646481812,346.6,345.1,0.0,-0.004327755337564909,-0.05410026079397279,-0.06679223413503332,-0.08620689655172409,0.010373804694291389,-0.1750217328310636,12,1,0.010373804694291389,0.1750217328310636
PEP,2025-06-03,2025-06-06,3,ema9_break,11,11,0.1559392331301285,0.1559392331301285,45.71742264799885,40.31900054533694,2.293115359406182,2.1649105118860743,130.63,130.25,0.009339355431370988,-0.0029089795605909963,0.004606525911708292,-0.008905950095969284,0.0367754318618041,0.047831094049904044,-0.01712092130518228,17,12,0.047831094049904044,0.01712092130518228
COST,2025-06-03,2025-06-06,3,ema9_break,3,3,0.40097995159300626,0.40097995159300626,66.02106557856158,49.763364511925495,21.838532206792074,21.89456095419905,1054.15,1020.63,0.0013660295024424673,-0.03179813119575026,-0.02980512036683225,-0.01582355995806506,-0.03408678953195576,-0.013089954243947433,-0.044805659249679164,2,8,-0.013089954243947433,0.044805659249679164
NFLX,2025-06-03,2025-06-11,8,ema9_break,4,4,0.3399928155751999,0.3399928155751999,68.31121641275472,60.58027222818063,2.6811493756713913,2.7798579230958,121.99,120.26,0.02508402328059689,-0.014181490286088949,0.016381174122733988,0.08656244802926971,0.03534009645767511,0.11350407450523847,0.007982704141027641,12,2,0.11350407450523847,-0.007982704141027641
ADBE,2025-06-03,2025-06-12,9,ema9_break,8,8,0.2892438422631582,0.2892438422631582,60.0834644260313,58.72192718959358,9.063763261357384,7.601502522573002,403.46,411.43,0.03336142368512385,0.019754126803152694,-0.08387818097853827,-0.06222200617358975,-0.10801351384196578,-0.02357630702671165,-0.11686070534477311,2,19,-0.02357630702671165,0.11686070534477311
AMZN,2025-06-03,2025-06-20,17,ema9_break,7,7,0.2905378838530721,0.2905378838530721,58.12847658199943,53.174835168918115,5.672635490978351,5.113076051046061,207.11,214.68,0.050697696876056186,0.036550625271594805,0.040152785541270664,0.0409446618222471,0.06810136016396506,0.06810136016396506,-0.02892677473448857,20,1,0.06810136016396506,0.02892677473448857
ADBE,2025-07-02,2025-07-03,1,ema9_break,9,9,0.17681063568330377,0.17681063568330377,39.24576644400927,39.991279174099425,9.590037223557434,9.290748850446189,384.64,378.0,0.0,-0.017262895174708803,-0.038756613756613656,-0.032301587301587276,-0.0798941798941799,0.011216931216931236,-0.0798941798941799,2,20,0.011216931216931236,0.0798941798941799
COST,2025-07-02,2025-07-03,1,ema9_break,10,10,0.17436078365047597,0.17436078365047597,43.18540382841454,45.6205590205585,16.623533067144418,16.174709276634097,983.87,982.41,0.0,-0.0014839358858386165,-0.012296291772274204,-0.03202328966521095,-0.030425178896794636,0.009944931342311225,-0.05588298164717376,1,18,0.009944931342311225,0.05588298164717376
NFLX,2025-07-02,2025-07-03,1,ema9_break,1,1,0.5302736507847011,0.5302736507847011,60.77785738043861,62.98273463871436,2.840309194719482,2.798144252239518,129.7,129.2,0.0,-0.0038550501156514594,-0.03630030959752306,-0.06408668730650147,-0.103250773993808,-0.0018575851393187737,-0.103250773993808,1,20,-0.0018575851393187737,0.103250773993808
TSLA,2025-07-02,2025-07-03,1,ema9_break,11,11,0.11863879097343866,0.11863879097343866,47.70474554651559,47.59435205851218,17.348053291780072,16.515335199510066,312.63,317.99,0.009659981447717625,0.01714486773502233,-0.014088493348847542,0.03666781974275901,-0.04830340576747705,0.04581905091355076,-0.07563130916066552,13,1,0.04581905091355076,0.07563130916066552
GOOGL,2025-07-02,2025-07-09,7,ema9_break,8,8,0.2933372076938894,0.2933372076938894,60.275236993305505,55.553843045879056,4.624986784138986,4.642822978493165,175.54,175.25,0.02272986213968342,-0.0016520451179218298,0.04405135520684733,0.08547788873038509,0.1189158345221113,0.12142653352353783,0.013523537803138419,15,1,0.12142653352353783,-0.013523537803138419
AMZN,2025-07-02,2025-07-09,7,ema9_break,6,6,0.35275826740763644,0.35275826740763644,61.56871285151621,61.4781078884509,4.897899995450049,4.715161697471075,219.73,221.07,0.01702088927319889,0.006098393482910858,0.009589722712263216,0.03265933867100923,0.005609083095851952,0.05898584158863707,-0.042610937712036834,16,18,0.05898584158863707,0.042610937712036834
PEP,2025-07-02,2025-07-16,14,ema9_break,3,3,0.4693720905235893,0.4693720905235893,63.46932384185013,56.432279059579095,2.30929960446392,2.2261845754095915,135.25,133.95,0.009094269870610017,-0.009611829944547234,0.08742067935796949,0.06651735722284458,0.11496827174318791,0.11496827174318791,0.029637924598730825,20,11,0.11496827174318791,-0.029637924598730825
NVDA,2025-05-02,2025-07-23,82,ema9_break,9,2,0.22870405123232002,0.4799628291268572,56.12360857055729,68.84806000357217,6.107319525568743,4.009375593044852,114.18,169.53,0.5151515151515151,0.4847609038360483,0.057452958178493496,0.05833775732908619,0.03462514009319895,0.08039874948386716,0.023417684185689902,14,2,0.08039874948386716,-0.023417684185689902
MSFT,2025-06-03,2025-07-23,50,ema9_break,5,5,0.3395705265000314,0.3597888965703727,71.09203177227326,65.54342254357385,7.9493494436900844,6.403595691379247,461.47,506.75,0.10884781242550967,0.09812122131449486,0.0128071040947213,0.03589541193882595,-0.002032560434139019,0.0570103601381351,-0.002032560434139019,8,20,0.0570103601381351,0.002032560434139019
PEP,2025-08-04,2025-08-05,1,ema9_break,8,8,0.18343860237700277,0.18343860237700277,51.58255837987545,51.34709312236979,2.7740322505603765,2.6537442326632075,139.29,139.6,0.001938401895326347,0.002225572546485699,0.05207736389684814,0.08997134670487106,0.06475644699140393,0.08997134670487106,0.008595988538682153,10,1,0.08997134670487106,-0.008595988538682153
AMZN,2025-08-04,2025-08-05,1,ema9_break,6,6,0.27613776290440845,0.27613776290440845,36.834001994100056,39.74407027263285,5.262066487236734,5.218347452434111,217.4,213.05,0.0,-0.02000919963201464,0.03952123914574046,0.07021825862473596,0.06073691621685051,0.08706876320112644,0.038723304388641244,17,4,0.08706876320112644,-0.038723304388641244
ADBE,2025-08-04,2025-08-05,1,ema9_break,11,11,0.10127035401058554,0.10127035401058554,23.457767295385835,23.413425851940005,7.823174965810969,7.649376753967327,351.16,339.31,0.0,-0.03374530128716258,-0.0025934985706286273,0.06401226017506101,0.027084377118269387,0.07043706345230016,-0.016680911261088727,14,4,0.07043706345230016,0.016680911261088727
NFLX,2025-08-04,2025-08-05,1,ema9_break,9,9,0.10874935870898914,0.10874935870898914,40.30831397305846,36.12320329477015,2.7674892514485827,2.762668590630827,116.77,117.1,0.002826068339470744,0.002826068339470744,0.0463706233988046,0.03689154568744679,0.04713919726729299,0.06327924850555089,0.006404782237404039,9,1,0.06327924850555089,-0.006404782237404039
TSLA,2025-08-04,2025-08-05,1,ema9_break,10,10,0.10716571118204848,0.10716571118204848,46.3519578261837,46.10853448441324,13.78245743325058,13.294424759446965,309.08,308.95,0.0005823734955352489,-0.00042060308010871683,0.10322058585531635,0.06590063117009226,0.08137239035442634,0.13827480174785567,0.03547499595403791,15,1,0.13827480174785567,-0.03547499595403791
COST,2025-08-04,2025-08-06,2,ema9_break,4,4,0.30004043637424416,0.30004043637424416,47.985262351022264,54.82718400385557,13.93977282282966,15.317610240092923,952.6,943.63,0.0029078311988242067,-0.009416334243124158,0.03732395112491127,0.053983023006898945,0.013002977862085707,0.053983023006898945,-0.005097336879921088,10,18,0.053983023006898945,0.005097336879921088
MSFT,2025-08-04,2025-08-08,4,ema9_break,2,2,0.4559902587818754,0.4559902587818754,74.07045941829873,59.6852376540754,9.769637874006083,9.385193339220326,528.27,522.6,0.013951199197380193,-0.010733147822136302,-0.004649827784156235,-0.02941063911213171,-0.046689628779181036,0.012705702257941098,-0.05281285878300812,2,19,0.012705702257941098,0.05281285878300812
NVDA,2025-08-04,2025-08-18,14,ema9_break,1,1,0.4610675182044898,0.4610675182044898,68.62572756011893,64.67761644452648,4.460766203950139,4.147656125485134,175.16,180.6,0.04567252797442345,0.031057319022608,-0.004374307862679894,-0.05437430786267994,-0.03167220376522706,0.00647840531561461,-0.07519379844961227,6,13,0.00647840531561461,0.07519379844961227
GOOGL,2025-08-04,2025-08-21,17,ema9_break,5,5,0.2967855987470206,0.2967855987470206,65.17859675046034,60.307477276046036,4.3382445749768825,4.145604849109844,190.29,199.75,0.07152241315886276,0.04971359503915074,0.05952440550688354,0.17647058823529416,0.27519399249061327,0.27519399249061327,0.031739674593241674,20,1,0.27519399249061327,-0.031739674593241674
NVDA,2025-09-03,2025-09-04,1,ema9_break,9,9,0.16268263492750523,0.16268263492750523,41.02959012542306,43.1858316979739,4.982538303313617,4.801642710219789,171.06,170.57,0.0,-0.0028644919911142708,0.03869379140528806,0.033241484434543,0.10740458462801183,0.10740458462801183,-0.020812569619510946,20,1,0.10740458462801183,0.020812569619510946
AMZN,2025-09-03,2025-09-04,1,ema9_break,4,4,0.23236201694122566,0.23236201694122566,49.965099971419185,61.28957016300727,4.6264463945032634,4.994557366324459,225.21,231.19,0.0034634341281469805,0.026552994982460776,-0.005363553786928543,0.00017301786409440467,-0.0379774211687357,0.030494398546649926,-0.05640382369479646,3,15,0.030494398546649926,0.05640382369479646
MSFT,2025-09-03,2025-09-04,1,ema9_break,7,7,0.17134800341873357,0.17134800341873357,44.95243972874716,48.00791962875957,7.690682359055439,7.498490761980051,503.79,504.3,0.00309652831536944,0.0010123265646400093,-0.006523894507237782,0.008229228633749752,0.022684909775926965,0.03055720801110451,-0.01844140392623439,19,1,0.03055720801110451,0.01844140392623439
ADBE,2025-09-03,2025-09-04,1,ema9_break,5,5,0.23064190680245036,0.23064190680245036,44.07531479586253,41.26790049626748,8.012481896695439,8.654447475502907,345.72,342.24,0.008041189401827964,-0.010065949323151746,0.02428120617110796,0.07369097709209904,0.026998597475455854,0.07369097709209904,0.004324450677887004,10,19,0.07369097709209904,-0.004324450677887004
COST,2025-09-03,2025-09-04,1,ema9_break,11,11,0.06949766353959849,0.06949766353959849,45.219153652399065,48.31602200546675,14.026624309631556,13.719008287515019,939.0,953.4,0.01148029818956342,0.015335463258785875,0.011453744493392204,-0.0010908328088944375,-0.03842039018250476,0.027113488567233057,-0.0392804698972099,3,16,0.027113488567233057,0.0392804698972099
TSLA,2025-09-03,2025-09-04,1,ema9_break,8,8,0.16450698412751327,0.16450698412751327,51.49686033608121,53.960286394955,12.422482570400636,12.064448101086303,335.2,336.15,0.0,0.0028341288782816054,0.0971590063959542,0.2400713966979029,0.29704001189944984,0.36683028409936047,0.030492339729287554,19,2,0.36683028409936047,-0.030492339729287554
PEP,2025-09-03,2025-09-05,2,ema9_break,2,2,0.4942294821257337,0.4942294821257337,56.327064895719495,50.33592412387822,2.952030552421814,2.9313936906086058,149.95,146.0,0.0,-0.026342114038012565,-0.0169178082191781,-0.02904109589041104,-0.027534246575342536,-0.01212328767123294,-0.041643835616438474,4,14,-0.01212328767123294,0.041643835616438474
GOOGL,2025-09-03,2025-09-09,6,"exhaustion(rsi=82.5,cp=0.08)",1,1,0.6327539115652252,0.6327539115652252,82.82790144637819,84.76226300391016,5.664910710745557,5.620370023157118,226.21,234.17,0.038857698598647294,0.03518854162061791,0.07255412734338296,0.07468932826578989,0.04949395738138951,0.08775675791091953,0.02135200922406799,8,1,0.08775675791091953,-0.02135200922406799
NFLX,2025-09-03,2025-09-12,9,"atr_trail(stop=120.60),ema9_break",6,6,0.19706321076282668,0.19706321076282668,53.40724349248483,41.70686869805336,2.6970432376482862,2.872041736012385,120.51,120.31,0.04829474732387351,-0.0016596133100987842,0.01986534785138394,0.006233895769262698,0.01413016374366216,0.02327321087191425,-0.041393067907904646,19,15,0.02327321087191425,0.041393067907904646
GOOGL,2025-10-02,2025-10-03,1,ema9_break,5,5,0.2691838481724483,0.2691838481724483,64.76716676978069,64.03673988879962,5.584157296258224,5.516717489382638,245.15,244.49,0.00220273302059959,-0.0026922292473995357,-0.03239396294326968,0.036034193627551225,0.15010838889116118,0.15129453147368,-0.03239396294326968,19,5,0.15129453147368,0.03239396294326968
AMZN,2025-10-02,2025-10-03,1,ema9_break,9,9,0.1700429202912659,0.1700429202912659,45.24522513754111,41.55503628882298,4.718938575778246,4.729014391794085,221.01,223.44,0.0063345549975113435,0.01099497760282353,-0.031641604010025026,-0.04654493376297886,0.09300035803795192,0.09300035803795192,-0.04654493376297886,20,10,0.09300035803795192,0.04654493376297886
COST,2025-10-02,2025-10-03,1,ema9_break,10,10,0.159766105365446,0.159766105365446,35.513285232538706,35.00158792929517,14.620120082782726,14.068682934012532,912.56,915.59,0.004613395283597832,0.0033203296221619993,0.01574940748588327,0.022652060420057074,-0.004521674548651711,0.04303236164658841,-0.005078692427833431,8,1,0.04303236164658841,0.005078692427833431
ADBE,2025-10-02,2025-10-03,1,ema9_break,11,11,0.07382710225297215,0.07382710225297215,46.996291469202376,43.71825412382355,9.715453886977606,9.470064323622061,343.76,352.0,0.02245752850826155,0.0239702117756575,-0.0411647727272727,-0.05323863636363635,-0.033210227272727266,0.0224715909090909,-0.0646874999999999,17,9,0.0224715909090909,0.0646874999999999
NFLX,2025-10-02,2025-10-03,1,ema9_break,8,8,0.17467958113082532,0.17467958113082532,36.114566724525694,34.225253560547316,2.792835835910142,2.770490419059418,116.15,116.5,0.0008609556607834801,0.0030133448127420692,0.04729613733905591,0.029527896995708236,-0.03957081545064378,0.06557939914163091,-0.06523605150214584,12,19,0.06557939914163091,0.06523605150214584
TSLA,2025-10-02,2025-10-03,1,ema9_break,1,1,0.6691339841297403,0.6691339841297403,62.148039455462325,59.49650213103766,17.508831108311888,18.41462888628961,470.54,443.29,0.0,-0.05791218599906489,-0.06722461593990392,-0.008978321189289207,0.029935256829614953,0.04110176182634384,-0.06722461593990392,18,5,0.04110176182634384,0.06722461593990392
PEP,2025-10-02,2025-10-07,5,ema9_break,7,7,0.2167704717843199,0.2167704717843199,48.847735132563265,45.22887462005933,2.250469388815182,2.2534188218757127,141.89,140.37,0.002960039467192921,-0.01071252378603127,0.07957540785068029,0.0912588159863219,0.018023794258032355,0.0950345515423523,-0.010899764907031373,8,1,0.0950345515423523,0.010899764907031373
NVDA,2025-10-02,2025-10-13,11,ema9_break,2,2,0.41424937333778,0.41424937333778,65.59255180875587,57.52335666709338,5.232595074603895,5.861545439499848,189.6,187.97,0.01566455696202529,-0.008597046413502119,-0.028355588657764552,0.01872639250944297,0.05894557642176945,0.10145235941905617,-0.043304782678086906,12,2,0.10145235941905617,0.043304782678086906
MSFT,2025-10-02,2025-10-13,11,"atr_trail(stop=512.15),ema9_break",3,3,0.3851390955494144,0.3851390955494144,54.91183443150682,49.521648462800705,7.810570212811855,8.01337670729851,517.64,516.41,0.021115060659918194,-0.002376168765937714,0.0007358494219709133,0.029259696752580444,-0.020158401270308435,0.04968920044150971,-0.03793497414844793,11,19,0.04968920044150971,0.03793497414844793
PEP,2025-11-04,2025-11-05,1,ema9_break,9,9,0.12760110886218184,0.12760110886218184,39.21977781821969,39.14217983816213,2.759211903166547,2.6835539100832215,144.7,142.9,0.0,-0.012439530062197557,0.010426871938418403,0.029461161651504586,0.02806158152554228,0.046256123163050944,-0.009237228831350586,17,1,0.046256123163050944,0.009237228831350586
MSFT,2025-11-04,2025-11-05,1,ema9_break,10,10,0.12531876316221496,0.12531876316221496,44.98859182103742,39.908775461603284,9.811668652793944,9.700120891880095,511.76,513.3,0.005021885258715164,0.0030092230733156367,-0.004208065458795929,-0.05100331190337026,-0.06323787258912916,-0.004208065458795929,-0.08022598870056485,5,12,-0.004208065458795929,0.08022598870056485
ADBE,2025-11-04,2025-11-05,1,ema9_break,7,7,0.18006334873591953,0.18006334873591953,41.0052114994144,41.18275104442623,9.064680709387723,8.817203515860026,335.02,332.61,0.0009850158199511405,-0.007193600382066623,0.01334896725895196,-0.043594600282613305,-0.011665313730795823,0.01334896725895196,-0.06076185322149075,5,11,0.01334896725895196,0.06076185322149075
NFLX,2025-11-04,2025-11-05,1,ema9_break,8,8,0.135000841713657,0.135000841713657,36.42468556460136,37.967885456951834,3.1464929311452643,3.1181720074920314,110.0,108.5,0.0,-0.013636363636363669,0.06682027649769595,0.01382488479262678,-0.04866359447004609,0.06682027649769595,-0.04866359447004609,5,20,0.06682027649769595,0.04866359447004609
TSLA,2025-11-04,2025-11-05,1,ema9_break,5,5,0.3517176462408968,0.3517176462408968,51.97596485745234,56.81133136031208,19.402288691646763,19.846410927957713,454.46,452.05,0.0,-0.005302996963429063,-0.047450503262913335,-0.1063156730450171,0.00548611879216887,0.00548611879216887,-0.13485233934299312,20,12,0.00548611879216887,0.13485233934299312
NVDA,2025-11-04,2025-11-06,2,ema9_break,3,3,0.45228523651178293,0.45228523651178293,58.76060698688601,47.85411679220375,6.560783336775326,7.0083795097705615,203.0,196.42,0.0,-0.032413793103448385,-0.048671214743916,-0.08033805111495773,-0.07132674880358414,0.013389675185826455,-0.0988697688626412,2,15,0.013389675185826455,0.0988697688626412
COST,2025-11-04,2025-11-07,3,ema9_break,6,6,0.2774590657109927,0.2774590657109927,53.67763112458633,46.04004106336159,14.194458143735758,15.394389410272398,933.21,929.53,0.008068923393448335,-0.003943378232123651,-0.007046571923445155,-0.03283379772573236,-0.04519488343571476,-0.004787365657913045,-0.04670102094606954,4,11,-0.004787365657913045,0.04670102094606954
GOOGL,2025-11-04,2025-11-14,10,ema9_break,1,1,0.5661401794021105,0.5661401794021105,69.21533745674014,55.861631362277826,7.284823875416602,7.815668140983698,276.75,271.4,0.05261065943992782,-0.01933152664859994,0.10412675018423001,0.16024318349299937,0.1356669123065588,0.19174649963154033,0.047457627118643986,7,2,0.19174649963154033,-0.047457627118643986
AMZN,2025-11-04,2025-11-14,10,ema9_break,2,2,0.5634911240727754,0.5634911240727754,66.83100009266465,49.82280483608101,7.459434842541081,6.890433312617384,250.38,235.06,0.0,-0.06118699576643494,-0.06113332766102275,-0.005019994894920443,-0.053262996681698316,-0.0027227090955501687,-0.07623585467540206,11,4,-0.0027227090955501687,0.07623585467540206
NVDA,2025-12-02,2025-12-04,2,ema9_break,11,11,0.13875742447468115,0.13875742447468115,46.17403283645476,48.58998954357297,7.756447426988741,7.2616306895974345,181.76,181.62,0.0,-0.0007702464788731378,-0.003799141063759448,-0.04118489153176974,0.03578901002092283,0.04905847373637262,-0.05880409646514706,15,9,0.04905847373637262,0.05880409646514706
MSFT,2025-12-02,2025-12-04,2,ema9_break,9,9,0.17548572856723002,0.17548572856723002,44.4283877608391,40.27071013988278,10.517809632160057,10.395560346097193,486.72,479.76,0.006738987508218219,-0.014299802761341351,0.007733033183258353,0.00879606469901617,-0.014403034850758667,0.025554443888611056,-0.014403034850758667,3,20,0.025554443888611056,0.014403034850758667
NFLX,2025-12-02,2025-12-04,2,ema9_break,6,6,0.20442436827065816,0.20442436827065816,47.47041717559293,37.86865325730437,3.238139666259979,3.4340081816221244,109.21,103.57,0.001281933888838127,-0.051643622378903076,-0.09153229699719989,-0.09240127450033786,-0.11692575070000966,-0.032152167616105065,-0.12146374432750795,1,19,-0.032152167616105065,0.12146374432750795
PEP,2025-12-02,2025-12-05,3,ema9_break,3,3,0.3899490112641174,0.3899490112641174,56.07595319783451,44.14685129001658,2.3267419679727386,2.3467937695466863,149.46,145.62,0.0,-0.02569249297470899,0.034541958522181115,0.017442658975415304,-0.04573547589616811,0.03845625600878999,-0.04573547589616811,6,20,0.03845625600878999,0.04573547589616811
AMZN,2025-12-02,2025-12-05,3,ema9_break,7,7,0.1816808396926498,0.1816808396926498,53.415535892110846,48.18640711157728,6.333100259777532,5.941818976214005,235.01,230.32,0.0,-0.01995659759159185,-0.017931573463008,-0.012895102466134123,0.04606634248002783,0.04606634248002783,-0.03929315734630068,20,8,0.04606634248002783,0.03929315734630068
COST,2025-12-02,2025-12-05,3,ema9_break,5,5,0.2423727797658453,0.2423727797658453,53.846596864605175,41.59084287252764,15.069302032866023,15.887447728209423,911.96,897.25,0.011294355015570856,-0.01613009342515026,-0.014243521872387865,-0.04639732516021178,-0.009083310114237908,-0.009083310114237908,-0.05266090833101145,20,11,-0.009083310114237908,0.05266090833101145
AAPL,2025-12-02,2025-12-08,6,ema9_break,1,1,0.5116341032419526,0.5116341032419526,75.1793434707509,57.73594529222644,5.517605892111349,5.24093663797877,283.0,278.13,0.011272084805653781,-0.017208480565371054,-0.014453672742961832,-0.02574335742278777,-0.06399884945888612,0.002337036637543477,-0.06399884945888612,2,20,0.002337036637543477,0.06399884945888612
GOOGL,2025-12-02,2025-12-09,7,ema9_break,2,2,0.45866079972058044,0.45866079972058044,68.70597803807753,64.18802702296097,10.001008992051899,9.18239273756085,316.74,312.37,0.014301951127107415,-0.013796804950432562,-0.01856772417325614,0.0063386368729392295,0.04184140602490638,0.04184140602490638,-0.05010084195025122,20,6,0.04184140602490638,0.05010084195025122
META,2025-12-02,2025-12-11,9,ema9_break,8,8,0.17562354414858242,0.17562354414858242,51.40133612618483,51.47029848969463,17.48823315494131,16.855269281275376,642.34,643.29,0.04838559018588273,0.001478967524986663,0.03289340732795476,0.03109017705855832,-0.0020519516858648057,0.037712384772031315,-0.0020519516858648057,9,20,0.037712384772031315,0.0020519516858648057
TSLA,2025-12-02,2025-12-29,27,ema9_break,4,4,0.24953259329278848,0.24953259329278848,52.09501383302878,50.58495153468334,18.71434754250046,17.54242419213956,430.81,469.0,0.13711380887166036,0.08864696734059097,-0.07684434968017062,-0.046481876332622574,-0.08004264392324101,-0.031066098081023452,-0.10607675906183367,1,14,-0.031066098081023452,0.10607675906183367
ADBE,2025-12-02,2026-01-02,31,ema9_break,10,10,0.1515297529585023,0.1515297529585023,43.661230983781614,39.35867702606444,8.070571777540176,8.62788918942363,321.62,350.68,0.11165350413531483,0.09035507742055837,-0.04770731150906815,-0.1555834378920954,-0.16339682901790809,-0.033192654271700706,-0.1719801528458994,4,11,-0.033192654271700706,0.1719801528458994
PEP,2026-01-05,2026-01-06,1,ema9_break,9,9,0.06711379621586573,0.06711379621586573,29.91424270009294,28.046859108698698,2.050494844447559,2.0104594984155915,141.66,139.68,0.0,-0.013977128335451061,0.027205040091637933,0.0505441008018328,0.18971935853379152,0.18971935853379152,-0.019115120274914243,20,1,0.18971935853379152,0.019115120274914243
MSFT,2026-01-05,2026-01-06,1,ema9_break,8,8,0.08637370313741893,0.08637370313741893,37.21636044294189,43.77045542189655,7.581762639509183,7.682351022401385,474.06,473.8,0.0,-0.0005484537822216806,-0.006606162937948468,-0.06266357112705778,-0.12581257914731958,0.020409455466441573,-0.1321021528070917,1,19,0.020409455466441573,0.1321021528070917
ADBE,2026-01-05,2026-01-06,1,ema9_break,5,5,0.13309154715760485,0.13309154715760485,38.144101739446526,42.96947055176602,8.513754247321945,8.398486086798947,330.11,330.0,0.004392475235527549,-0.0003332222592469236,-0.06081818181818177,-0.10839393939393938,-0.15239393939393941,0.027393939393939526,-0.175969696969697,2,19,0.027393939393939526,0.175969696969697
NFLX,2026-01-05,2026-01-06,1,ema9_break,6,6,0.09413416967634883,0.09413416967634883,31.027658027080278,29.494471490727676,2.44875378307716,2.4095570842859346,90.92,91.54,0.0059392872855257295,0.006819181698196175,-0.01332750710072117,-0.06751147039545558,-0.12431723836574182,-0.008848590779986898,-0.12672055931833082,1,19,-0.008848590779986898,0.12672055931833082
TSLA,2026-01-05,2026-01-06,1,ema9_break,11,11,0.05129007749529753,0.05129007749529753,48.37137727494344,41.954652775942584,16.939604522899263,17.364632771263604,447.99,446.38,0.00821446907297041,-0.0035938302194246097,0.001836999865585387,-0.03346924145347008,-0.09043863972400201,0.006675926340785843,-0.09043863972400201,11,20,0.006675926340785843,0.09043863972400201
AAPL,2026-01-05,2026-01-06,1,ema9_break,10,10,0.06646027704171055,0.06646027704171055,36.70339113981742,29.89656763344739,4.391412310419942,4.465597145389947,270.64,267.0,0.0,-0.01344960094590597,-0.02228464419475651,-0.07247191011235954,0.03554307116104871,0.03554307116104871,-0.07602996254681649,20,9,0.03554307116104871,0.07602996254681649
META,2026-01-05,2026-01-06,1,ema9_break,4,4,0.14236294328357285,0.14236294328357285,51.587485627499895,52.481610965160996,15.831486412038833,15.673523096893202,651.01,659.57,0.011950661280164532,0.013148799557610502,-0.04317964734599822,-0.07066725290719711,0.014282032233121411,0.11938080870870404,-0.08406992434464888,16,9,0.11938080870870404,0.08406992434464888
NVDA,2026-01-05,2026-01-09,4,ema9_break,1,1,0.3010470506857194,0.3010470506857194,55.043624348740536,49.70098167705748,5.521895607368528,5.285611996096747,191.76,185.08,0.0,-0.034835210680016604,0.006213529284633479,0.007510265830992013,0.02679922195807216,0.04014480224767647,-0.0713205100497083,13,18,0.04014480224767647,0.0713205100497083
AMZN,2026-01-05,2026-01-15,10,ema9_break,3,3,0.18923533881851867,0.18923533881851867,54.96120431019875,53.828319299419086,4.816029949884233,5.273323437619163,228.84,239.31,0.08101730466701618,0.0457524908232827,-0.0006268020559108134,-4.178680372735055e-05,-0.16932012870335555,0.022439513601604677,-0.16932012870335555,7,20,0.022439513601604677,0.16932012870335555
GOOGL,2026-01-05,2026-01-21,16,ema9_break,2,2,0.22485796542322994,0.22485796542322994,60.25231296050513,59.23390969338888,7.0174736759000895,7.99169266358809,317.65,320.92,0.05767354005981451,0.010294349126397151,0.04702106443973575,0.037766421538077966,-0.05630686775520377,0.07095226224604256,-0.05889318210145844,8,18,0.07095226224604256,0.05889318210145844
COST,2026-01-05,2026-01-29,24,ema9_break,7,7,0.09359146431334543,0.09359146431334543,49.12244227564654,58.35162386467241,13.85698653982826,16.39167997610199,863.95,957.99,0.13808669483187686,0.10884889171827061,0.032672574870301396,0.042662240733201795,0.055115397864278215,0.06314262153049621,-0.018517938600611683,11,1,0.06314262153049621,0.018517938600611683
NVDA,2026-02-03,2026-02-04,1,ema9_break,8,8,0.13782187306340396,0.13782187306340396,42.34202411796237,36.29597008134948,5.59769774887783,5.800005052529414,186.24,179.46,0.0,-0.036404639175257714,0.059010364426613116,0.04702997882536497,0.021620416805973486,0.08971358520004458,-0.0422378245848658,14,1,0.08971358520004458,0.0422378245848658
AMZN,2026-02-03,2026-02-04,1,ema9_break,6,6,0.28618245267681874,0.28618245267681874,51.24548743698537,44.83030879187238,6.053807680964431,6.124249989466973,244.98,238.86,0.0,-0.024981631153563444,-0.14560830612074016,-0.14234279494264424,-0.08339613162521986,-0.06769655865360469,-0.16775517039269872,1,7,-0.06769655865360469,0.16775517039269872
MSFT,2026-02-03,2026-02-04,1,ema9_break,11,11,0.07956428408381867,0.07956428408381867,27.4659968058601,29.39548359267988,13.19892784829398,13.010433001987268,422.01,411.0,0.0,-0.02608942916044643,-0.01613138686131388,-0.030510948905109525,-0.0007785888077859182,0.006326034063260488,-0.06454987834549875,3,12,0.006326034063260488,0.06454987834549875
ADBE,2026-02-03,2026-02-04,1,ema9_break,7,7,0.15134705195884593,0.15134705195884593,23.379927315068088,30.878622330672414,9.476895997013836,10.147117711512845,282.74,267.23,0.0,-0.05485605149607409,-0.03768289488455634,-0.03001160049395668,0.05429779590614814,0.05429779590614814,-0.07690004864723277,20,12,0.05429779590614814,0.07690004864723277
NFLX,2026-02-03,2026-02-04,1,ema9_break,10,10,0.08236130383805988,0.08236130383805988,21.528715947486234,22.70679124133929,2.37188965091062,2.36104039013129,82.23,79.99,0.0,-0.02724066642344658,-0.004625578197274494,-0.03737967245905727,0.23977997249656213,0.23977997249656213,-0.0516314539317414,20,6,0.23977997249656213,0.0516314539317414
TSLA,2026-02-03,2026-02-04,1,ema9_break,9,9,0.08815202534733572,0.08815202534733572,42.55001368262001,36.97803732100899,15.495594804413807,16.15448088981282,424.27,420.46,0.0,-0.008980130577226797,0.018574894163535083,-0.02081054083622702,-0.035461161584930734,0.018574894163535083,-0.06666508110165048,5,18,0.018574894163535083,0.06666508110165048
GOOGL,2026-02-03,2026-02-05,2,ema9_break,2,2,0.5056165045566052,0.5056165045566052,63.9530784354423,53.21216711568922,8.375253224701211,10.101060178441355,347.34,312.22,0.0,-0.10111130304600668,-0.010313240663634704,0.008839920568829651,-0.04387931586701699,0.038754724232912485,-0.04387931586701699,2,20,0.038754724232912485,0.04387931586701699
COST,2026-02-03,2026-02-11,8,ema9_break,5,5,0.3836316497741745,0.3836316497741745,64.2947257921481,58.15211522831811,18.9890127213907,19.89535382189862,964.35,973.29,0.03817078861409229,0.00927049307823924,0.014928746827769901,0.013819108384962364,0.030854113368061098,0.04643014928746836,0.009534671064122868,2,15,0.04643014928746836,-0.009534671064122868
PEP,2026-02-03,2026-02-18,15,"atr_trail(stop=163.08),ema9_break",1,1,0.671509571895784,0.671509571895784,80.14784713852812,62.15094330985715,3.06584702983323,3.7193326667640285,156.6,161.79,0.0886973180076629,0.033141762452107315,0.04561468570368987,0.013165214166512174,-0.05099202670127945,0.04913777118486928,-0.05099202670127945,7,20,0.04913777118486928,0.05099202670127945
NVDA,2026-03-03,2026-03-04,1,ema9_break,10,10,0.13884141184846016,0.13884141184846016,44.08300252465119,47.33308862497966,6.52010700562033,6.386527933790306,178.49,180.44,0.008739985433357633,0.010924981791696986,0.03097982708933711,-0.00022168033695402212,-0.025992019507869668,0.03097982708933711,-0.08462646863223233,5,18,0.03097982708933711,0.08462646863223233
GOOGL,2026-03-03,2026-03-04,1,ema9_break,6,6,0.1908359798694467,0.1908359798694467,38.69775629585415,38.352183301640785,9.132837377883085,8.817634708034296,298.59,302.89,0.016711879165410837,0.014401018118490372,0.01918188121100073,0.015847337317177912,-0.01815840734259966,0.026511274720195654,-0.09703192578163689,9,18,0.026511274720195654,0.09703192578163689
PEP,2026-03-03,2026-03-04,1,ema9_break,3,3,0.25838736988087946,0.25838736988087946,55.14139769727483,53.04437544362555,3.3270059884889123,3.27221984645399,166.54,165.04,0.0,-0.009006845202353841,-0.029629180804653377,-0.06968007755695593,-0.06295443528841482,-0.02126757149781866,-0.090887057682986,3,12,-0.02126757149781866,0.090887057682986
TSLA,2026-03-03,2026-03-04,1,ema9_break,9,9,0.14387087136129373,0.14387087136129373,37.091787092236,45.2483158225417,14.623655375920851,14.71482284906936,395.09,397.85,0.0,0.006985750082259878,0.02505969586527579,-0.012743496292572654,-0.04169913283900972,0.02505969586527579,-0.10700012567550599,5,18,0.02505969586527579,0.10700012567550599
AAPL,2026-03-03,2026-03-04,1,ema9_break,8,8,0.15161997630677482,0.15161997630677482,47.231164753138344,45.94729062460821,6.518956698052615,6.39117407676314,263.48,264.65,0.0010247457112493308,0.004440564748747322,-0.01450972983185328,-0.05558284526733415,-0.034082750802947204,-0.01443415832231243,-0.06808993009635356,4,18,-0.01443415832231243,0.06808993009635356
COST,2026-03-03,2026-03-06,3,ema9_break,2,2,0.2609662868590593,0.2609662868590593,59.58305465659886,54.55525093811145,19.344518262782483,21.390672967686996,1002.54,967.01,0.0052167494563808425,-0.03543998244459068,0.04283306273978549,0.005501494296853204,0.053298311289438516,0.053298311289438516,-0.001323667800746553,20,11,0.053298311289438516,0.001323667800746553
META,2026-03-03,2026-03-09,6,ema9_break,5,5,0.19644275050000407,0.19644275050000407,49.914916870498956,46.77629805730697,19.773538706318444,20.088647151998163,648.29,634.78,0.029986580079902625,-0.02083943913989106,-0.011547307728661749,-0.048394719430353894,-0.09409559217366648,0.031633006710986455,-0.1718075553735151,2,14,0.031633006710986455,0.1718075553735151
AMZN,2026-03-03,2026-03-12,9,ema9_break,4,4,0.20547591487806482,0.20547591487806482,41.592364515912784,43.327434313847036,6.43557925143348,6.093525475003857,203.1,210.39,0.07799113737075336,0.03589364844903975,-0.007747516516944719,-0.013546271210608807,0.13303864252103237,0.13303864252103237,-0.052521507676220325,20,11,0.13303864252103237,0.052521507676220325
MSFT,2026-03-03,2026-03-12,9,ema9_break,11,11,0.12889639611490525,0.12889639611490525,43.95788031099585,42.68778120529802,11.165666501386804,9.372612645326738,393.14,404.63,0.04461514981940273,0.02922622984178669,-0.03857845439043084,-0.09554407730519232,-0.08343424857277015,-0.011566122136272616,-0.11828089859871982,2,11,-0.011566122136272616,0.11828089859871982
NFLX,2026-03-03,2026-03-12,9,ema9_break,1,1,0.6784756831944309,0.6784756831944309,72.94097872312442,60.25391590667985,3.4358912611178263,3.0102553998053545,96.01,94.86,0.03291323820435377,-0.011977918966774359,-0.0328905755850728,-0.01623445076955521,0.08591608686485364,0.08591608686485364,-0.04153489352730333,20,8,0.08591608686485364,0.04153489352730333
ADBE,2026-03-03,2026-03-13,10,ema9_break,7,7,0.16562393412290308,0.16562393412290308,48.068476205559804,33.615353839014716,9.740359470011295,10.561254958622957,260.05,249.0,0.090636416073832,-0.04249182849452038,-0.0034136546184738714,-0.05686746987951807,-0.03570281124497987,0.02088353413654609,-0.09497991967871489,2,19,0.02088353413654609,0.09497991967871489
NVDA,2026-05-04,2026-05-05,1,ema9_break,9,9,0.15487691238560428,0.15487691238560428,53.01115719314216,50.81807886967815,6.3296652069703745,6.178260549329634,199.5,199.3,0.0,-0.001002506265664116,0.10777722027094816,0.10692423482187663,0.07752132463622674,0.18283993978926238,0.0427997992975413,7,1,0.18283993978926238,-0.0427997992975413
PEP,2026-05-04,2026-05-05,1,ema9_break,8,8,0.2090466493818855,0.2090466493818855,46.495353112931554,47.59893596447796,3.223459479974602,3.2624980885478454,155.9,154.05,0.0,-0.011866581141757537,-0.014281077572216971,-0.02388834793898087,-0.07471600129827993,0.014540733528075167,-0.0813372281726712,2,18,0.014540733528075167,0.0813372281726712
MSFT,2026-05-04,2026-05-05,1,ema9_break,6,6,0.25338068220013193,0.25338068220013193,53.98763116417798,52.58541206825918,11.120332692317007,10.89602321429436,411.54,415.32,0.005054186713320696,0.009185012392477043,-0.018178753732062014,0.005056342097659705,0.028941539054223142,0.1088317441972455,-0.02434267552730429,18,6,0.1088317441972455,0.02434267552730429
NFLX,2026-05-04,2026-05-05,1,ema9_break,10,10,0.14217132853621417,0.14217132853621417,39.7695418459834,34.15434903862604,2.8095568673508797,2.8738742339686745,92.1,91.18,0.0,-0.009989142236699111,-0.03860495722746227,-0.020289537179206008,-0.10594428602763772,-0.016779995613073084,-0.10594428602763772,9,20,-0.016779995613073084,0.10594428602763772
AMZN,2026-05-04,2026-05-06,2,"exhaustion(rsi=80.5,cp=0.19)",2,2,0.5452383009518905,0.5452383009518905,79.85335078435435,81.14518423784817,7.505788519346116,7.302899284538235,268.8,272.89,0.01767113095238093,0.01521577380952377,-0.010113965334017316,-0.028876103924658225,-0.06999157169555492,0.0040675730147679,-0.08380666202499165,15,19,0.0040675730147679,0.08380666202499165
COST,2026-05-04,2026-05-07,3,ema9_break,7,7,0.25230057271659023,0.25230057271659023,55.96378627787407,54.20303412681659,18.814240819353813,18.948205932988454,1007.02,993.5,0.009334472006514272,-0.01342575122639067,0.048062405636638106,0.05732259687971819,-0.021771514846502305,0.10147961751383994,-0.04770005032712632,8,16,0.10147961751383994,0.04770005032712632
ADBE,2026-05-04,2026-05-12,8,ema9_break,4,4,0.30492670225922724,0.30492670225922724,55.683134327387805,44.63782014699577,9.326669946340768,9.164720105864046,249.99,247.0,0.02608104324172955,-0.011960478419136833,0.032348178137651784,-0.0354655870445344,-0.05514170040485833,0.10943319838056675,-0.05514170040485833,13,20,0.10943319838056675,0.05514170040485833
TSLA,2026-05-04,2026-05-18,14,ema9_break,5,5,0.2773589214404787,0.2773589214404787,56.911136547948345,52.675538268963685,14.268049342144304,17.159470268349526,390.23,419.27,0.14104502472900582,0.07441765112882126,0.03415460204641407,0.01066138764996305,-0.03484628043981197,0.05445178524578442,-0.08987048918358098,7,16,0.05445178524578442,0.08987048918358098
GOOGL,2026-05-04,2026-05-20,16,ema9_break,1,1,0.6768669777894475,0.6768669777894475,80.04487864714457,62.70108153343776,9.842773968557198,10.156008210521744,385.63,387.7,0.04405777558799895,0.005367839639032201,0.0062677327830797935,-0.04000515862780496,-0.050735104462213076,0.0062677327830797935,-0.08078411142636055,5,14,0.0062677327830797935,0.08078411142636055
GOOGL,2026-06-02,2026-06-03,1,ema9_break,8,8,0.11051689507585317,0.11051689507585317,40.3792954764634,38.82499580181836,9.923618536544307,9.812645783933998,366.59,362.03,0.0,-0.012438964510761319,-0.015606441455128017,0.00486147556832317,-0.0058558682982071675,0.03099190674805974,-0.06806065795652294,9,16,0.03099190674805974,0.06806065795652294
PEP,2026-06-02,2026-06-03,1,ema9_break,11,11,0.05106152071793855,0.05106152071793855,32.61113889490028,34.2255583479113,3.110573034334336,3.0248178175961686,141.54,141.79,0.0032499646742971677,0.001766285149074509,0.01784328937160584,-0.0014105367092177579,0.017138021016996907,0.0314549686155583,-0.04506664785951042,8,18,0.0314549686155583,0.04506664785951042
AMZN,2026-06-02,2026-06-03,1,ema9_break,6,6,0.21048047327685027,0.21048047327685027,44.57970844850819,39.38887826282882,6.873914041105562,7.0529201810265905,257.16,254.7,0.0,-0.00956602893140468,-0.06556733411857085,-0.06753042795445618,-0.04723203769140161,-0.0035728307813113203,-0.10871613663133095,1,15,-0.0035728307813113203,0.10871613663133095
COST,2026-06-02,2026-06-03,1,ema9_break,10,10,0.05874179340623853,0.05874179340623853,35.227583601318045,37.811456921773754,23.415939499185953,22.971943820672667,942.29,952.88,0.012713708094111098,0.011238578356981499,0.03199773318780963,0.013338510620434896,-0.001269834606666187,0.03547141297959855,-0.029604986986818904,9,19,0.03547141297959855,0.029604986986818904
NFLX,2026-06-02,2026-06-03,1,ema9_break,9,9,0.08722476261428028,0.08722476261428028,30.689104850677808,27.252916715224046,2.28361579124524,2.2797860918705806,85.61,82.91,0.0,-0.03153837168555074,-0.010975756844771367,-0.07176456398504405,-0.06344228681703046,-0.0032565432396574057,-0.14485586780846693,3,15,-0.0032565432396574057,0.14485586780846693
TSLA,2026-06-02,2026-06-03,1,ema9_break,7,7,0.18123174659528984,0.18123174659528984,53.58756825012716,53.56885588289198,15.03642531098847,15.219537788775009,418.22,418.7,0.013198794892640198,0.0011477212950121718,-0.08863147838547891,-0.053307857654645296,-0.060305708144256065,0.01576307618820172,-0.10408406973967033,19,15,0.01576307618820172,0.10408406973967033
NVDA,2026-06-02,2026-06-04,2,ema9_break,3,3,0.45208659704044585,0.45208659704044585,58.79013821827459,54.246319581782124,7.843262412862254,8.073272182518984,227.18,213.91,0.0,-0.05841183202746725,-0.04226076387265665,-0.015053059698003857,-0.08583048945818328,-0.006825300359964537,-0.09994857650413724,7,15,-0.006825300359964537,0.09994857650413724
MSFT,2026-06-02,2026-06-04,2,ema9_break,1,1,0.6753060245502096,0.6753060245502096,59.91652599104564,52.91513004362008,12.638073794497979,12.724359547296725,446.88,435.81,0.0,-0.024771750805585357,-0.1043344576765105,-0.12943714003809004,-0.1125949381611252,-0.04391822124320233,-0.1904040751703725,1,14,-0.04391822124320233,0.1904040751703725
ADBE,2026-06-02,2026-06-08,6,ema9_break,2,2,0.6700224464148955,0.6700224464148955,57.28616467372274,46.59676722361645,10.424724366234269,10.314239968346962,267.98,249.06,0.0,-0.07060228375251887,-0.17144463181562675,-0.20729944591664662,-0.11290452099895609,-0.04488878181964184,-0.22344013490725123,1,12,-0.04488878181964184,0.22344013490725123
NVDA,2026-07-02,2026-07-06,4,ema9_break,8,8,0.1918793201785195,0.1918793201785195,41.15855550447833,41.95310072762987,7.124912451265863,6.870275847604016,197.14,194.42,0.0,-0.01379730141016533,0.04685731920584302,,,0.09299454788602013,0.012910194424442079,7,1,0.09299454788602013,-0.012910194424442079
TSLA,2026-07-02,2026-07-06,4,ema9_break,2,2,0.39426710025247996,0.39426710025247996,46.76797943910411,54.70453050447004,19.617188580791268,20.32310368216332,428.01,397.5,0.0,-0.07128338122941047,-0.006893081761006337,,,0.025811320754717038,-0.047452830188679296,4,9,0.025811320754717038,0.047452830188679296
COST,2026-07-02,2026-07-08,6,ema9_break,11,11,0.0808209086057399,0.0808209086057399,44.76668598416284,45.80820299933869,20.559350595501392,20.257176843409827,927.0,959.0,0.026612729234088306,0.034519956850054045,-0.04427528675703862,,,0.0035662148070907396,-0.047997914494264826,7,1,0.0035662148070907396,0.047997914494264826
GOOGL,2026-07-02,2026-07-10,8,ema9_break,3,3,0.3018800618315763,0.3018800618315763,49.495743375688114,46.97396196453633,11.51531529014383,10.71041305338433,359.48,357.53,0.02100255925225314,-0.005424502058529068,-0.0403742343299861,,,0.03745140267949565,-0.0403742343299861,3,5,0.03745140267949565,0.0403742343299861
PEP,2026-07-02,2026-07-10,8,ema9_break,6,6,0.19625583089452564,0.19625583089452564,51.66155979122139,40.28719357724623,3.3683081102711414,3.7577146486339448,143.24,135.86,0.012147444847807831,-0.051521921251047154,0.03974679817459137,,,0.03974679817459137,-0.0033858383630208655,5,3,0.03974679817459137,0.0033858383630208655
NFLX,2026-07-02,2026-07-13,11,ema9_break,10,10,0.1238372899570284,0.1238372899570284,47.277231945191794,39.56876937104585,2.6354407868963095,2.466649809385093,75.09,73.9,0.03409242242642163,-0.0158476494872819,,,,0.006089309878213545,-0.10263870094722605,3,4,0.006089309878213545,0.10263870094722605
